HourUTC,SpotPriceEUR
2018-10-01 00:00:00+02:00,59.53
2018-10-01 01:00:00+02:00,56.1
2018-10-01 02:00:00+02:00,51.41
2018-10-01 03:00:00+02:00,47.38
2018-10-01 04:00:00+02:00,47.59
2018-10-01 05:00:00+02:00,51.61
2018-10-01 06:00:00+02:00,69.13
2018-10-01 07:00:00+02:00,77.32
2018-10-01 08:00:00+02:00,84.97
2018-10-01 09:00:00+02:00,79.56
2018-10-01 10:00:00+02:00,73.7
2018-10-01 11:00:00+02:00,71.63
2018-10-01 12:00:00+02:00,63.15
2018-10-01 13:00:00+02:00,60.24
2018-10-01 14:00:00+02:00,56.18
2018-10-01 15:00:00+02:00,53.0
2018-10-01 16:00:00+02:00,53.37
2018-10-01 17:00:00+02:00,60.42
2018-10-01 18:00:00+02:00,69.93
2018-10-01 19:00:00+02:00,75.0
2018-10-01 20:00:00+02:00,65.83
2018-10-01 21:00:00+02:00,53.86
2018-10-01 22:00:00+02:00,46.46
2018-10-01 23:00:00+02:00,42.5
2018-10-02 00:00:00+02:00,45.1
2018-10-02 01:00:00+02:00,44.1
2018-10-02 02:00:00+02:00,44.06
2018-10-02 03:00:00+02:00,43.77
2018-10-02 04:00:00+02:00,44.29
2018-10-02 05:00:00+02:00,48.13
2018-10-02 06:00:00+02:00,57.7
2018-10-02 07:00:00+02:00,68.21
2018-10-02 08:00:00+02:00,70.36
2018-10-02 09:00:00+02:00,54.53
2018-10-02 10:00:00+02:00,48.49
2018-10-02 11:00:00+02:00,46.19
2018-10-02 12:00:00+02:00,44.15
2018-10-02 13:00:00+02:00,30.79
2018-10-02 14:00:00+02:00,27.75
2018-10-02 15:00:00+02:00,30.74
2018-10-02 16:00:00+02:00,26.77
2018-10-02 17:00:00+02:00,38.68
2018-10-02 18:00:00+02:00,48.52
2018-10-02 19:00:00+02:00,49.03
2018-10-02 20:00:00+02:00,45.43
2018-10-02 21:00:00+02:00,32.04
2018-10-02 22:00:00+02:00,26.22
2018-10-02 23:00:00+02:00,1.08
2018-10-03 00:00:00+02:00,2.13
2018-10-03 01:00:00+02:00,0.1
2018-10-03 02:00:00+02:00,0.05
2018-10-03 03:00:00+02:00,0.07
2018-10-03 04:00:00+02:00,-0.08
2018-10-03 05:00:00+02:00,-0.09
2018-10-03 06:00:00+02:00,-4.97
2018-10-03 07:00:00+02:00,-0.06
2018-10-03 08:00:00+02:00,0.7
2018-10-03 09:00:00+02:00,0.91
2018-10-03 10:00:00+02:00,-0.03
2018-10-03 11:00:00+02:00,0.03
2018-10-03 12:00:00+02:00,-0.04
2018-10-03 13:00:00+02:00,0.0
2018-10-03 14:00:00+02:00,0.03
2018-10-03 15:00:00+02:00,5.75
2018-10-03 16:00:00+02:00,20.28
2018-10-03 17:00:00+02:00,43.2
2018-10-03 18:00:00+02:00,63.23
2018-10-03 19:00:00+02:00,71.44
2018-10-03 20:00:00+02:00,67.95
2018-10-03 21:00:00+02:00,56.88
2018-10-03 22:00:00+02:00,62.85
2018-10-03 23:00:00+02:00,48.72
2018-10-04 00:00:00+02:00,53.24
2018-10-04 01:00:00+02:00,46.1
2018-10-04 02:00:00+02:00,45.6
2018-10-04 03:00:00+02:00,46.88
2018-10-04 04:00:00+02:00,47.53
2018-10-04 05:00:00+02:00,50.88
2018-10-04 06:00:00+02:00,74.69
2018-10-04 07:00:00+02:00,80.15
2018-10-04 08:00:00+02:00,81.0
2018-10-04 09:00:00+02:00,82.09
2018-10-04 10:00:00+02:00,78.96
2018-10-04 11:00:00+02:00,75.34
2018-10-04 12:00:00+02:00,63.05
2018-10-04 13:00:00+02:00,54.49
2018-10-04 14:00:00+02:00,54.4
2018-10-04 15:00:00+02:00,57.61
2018-10-04 16:00:00+02:00,66.96
2018-10-04 17:00:00+02:00,77.23
2018-10-04 18:00:00+02:00,80.25
2018-10-04 19:00:00+02:00,88.08
2018-10-04 20:00:00+02:00,80.67
2018-10-04 21:00:00+02:00,72.22
2018-10-04 22:00:00+02:00,53.98
2018-10-04 23:00:00+02:00,52.25
2018-10-05 00:00:00+02:00,49.57
2018-10-05 01:00:00+02:00,51.16
2018-10-05 02:00:00+02:00,48.91
2018-10-05 03:00:00+02:00,47.36
2018-10-05 04:00:00+02:00,48.28
2018-10-05 05:00:00+02:00,54.18
2018-10-05 06:00:00+02:00,63.62
2018-10-05 07:00:00+02:00,78.87
2018-10-05 08:00:00+02:00,79.74
2018-10-05 09:00:00+02:00,74.5
2018-10-05 10:00:00+02:00,55.42
2018-10-05 11:00:00+02:00,50.21
2018-10-05 12:00:00+02:00,46.64
2018-10-05 13:00:00+02:00,50.72
2018-10-05 14:00:00+02:00,48.24
2018-10-05 15:00:00+02:00,48.55
2018-10-05 16:00:00+02:00,54.98
2018-10-05 17:00:00+02:00,74.99
2018-10-05 18:00:00+02:00,78.66
2018-10-05 19:00:00+02:00,82.96
2018-10-05 20:00:00+02:00,79.9
2018-10-05 21:00:00+02:00,65.08
2018-10-05 22:00:00+02:00,59.86
2018-10-05 23:00:00+02:00,54.7
2018-10-06 00:00:00+02:00,50.1
2018-10-06 01:00:00+02:00,52.98
2018-10-06 02:00:00+02:00,51.52
2018-10-06 03:00:00+02:00,51.0
2018-10-06 04:00:00+02:00,50.0
2018-10-06 05:00:00+02:00,46.91
2018-10-06 06:00:00+02:00,53.03
2018-10-06 07:00:00+02:00,62.37
2018-10-06 08:00:00+02:00,63.98
2018-10-06 09:00:00+02:00,70.72
2018-10-06 10:00:00+02:00,64.79
2018-10-06 11:00:00+02:00,59.06
2018-10-06 12:00:00+02:00,58.0
2018-10-06 13:00:00+02:00,51.51
2018-10-06 14:00:00+02:00,50.2
2018-10-06 15:00:00+02:00,49.23
2018-10-06 16:00:00+02:00,54.81
2018-10-06 17:00:00+02:00,59.93
2018-10-06 18:00:00+02:00,72.06
2018-10-06 19:00:00+02:00,82.27
2018-10-06 20:00:00+02:00,70.6
2018-10-06 21:00:00+02:00,61.39
2018-10-06 22:00:00+02:00,57.02
2018-10-06 23:00:00+02:00,46.46
2018-10-07 00:00:00+02:00,50.49
2018-10-07 01:00:00+02:00,47.11
2018-10-07 02:00:00+02:00,45.75
2018-10-07 03:00:00+02:00,43.02
2018-10-07 04:00:00+02:00,42.5
2018-10-07 05:00:00+02:00,43.8
2018-10-07 06:00:00+02:00,44.6
2018-10-07 07:00:00+02:00,46.56
2018-10-07 08:00:00+02:00,50.71
2018-10-07 09:00:00+02:00,55.98
2018-10-07 10:00:00+02:00,55.09
2018-10-07 11:00:00+02:00,55.13
2018-10-07 12:00:00+02:00,54.06
2018-10-07 13:00:00+02:00,50.9
2018-10-07 14:00:00+02:00,49.91
2018-10-07 15:00:00+02:00,49.05
2018-10-07 16:00:00+02:00,50.21
2018-10-07 17:00:00+02:00,55.48
2018-10-07 18:00:00+02:00,70.0
2018-10-07 19:00:00+02:00,80.94
2018-10-07 20:00:00+02:00,77.07
2018-10-07 21:00:00+02:00,71.47
2018-10-07 22:00:00+02:00,68.3
2018-10-07 23:00:00+02:00,59.91
2018-10-08 00:00:00+02:00,55.59
2018-10-08 01:00:00+02:00,50.3
2018-10-08 02:00:00+02:00,50.16
2018-10-08 03:00:00+02:00,47.32
2018-10-08 04:00:00+02:00,47.94
2018-10-08 05:00:00+02:00,51.14
2018-10-08 06:00:00+02:00,62.79
2018-10-08 07:00:00+02:00,79.98
2018-10-08 08:00:00+02:00,82.42
2018-10-08 09:00:00+02:00,81.58
2018-10-08 10:00:00+02:00,66.89
2018-10-08 11:00:00+02:00,52.06
2018-10-08 12:00:00+02:00,51.57
2018-10-08 13:00:00+02:00,49.96
2018-10-08 14:00:00+02:00,52.07
2018-10-08 15:00:00+02:00,52.81
2018-10-08 16:00:00+02:00,61.52
2018-10-08 17:00:00+02:00,74.9
2018-10-08 18:00:00+02:00,85.37
2018-10-08 19:00:00+02:00,102.01
2018-10-08 20:00:00+02:00,85.77
2018-10-08 21:00:00+02:00,78.1
2018-10-08 22:00:00+02:00,58.01
2018-10-08 23:00:00+02:00,52.95
2018-10-09 00:00:00+02:00,56.77
2018-10-09 01:00:00+02:00,57.43
2018-10-09 02:00:00+02:00,55.11
2018-10-09 03:00:00+02:00,52.35
2018-10-09 04:00:00+02:00,54.86
2018-10-09 05:00:00+02:00,57.99
2018-10-09 06:00:00+02:00,74.27
2018-10-09 07:00:00+02:00,91.37
2018-10-09 08:00:00+02:00,96.68
2018-10-09 09:00:00+02:00,91.95
2018-10-09 10:00:00+02:00,82.54
2018-10-09 11:00:00+02:00,64.7
2018-10-09 12:00:00+02:00,54.31
2018-10-09 13:00:00+02:00,53.35
2018-10-09 14:00:00+02:00,55.64
2018-10-09 15:00:00+02:00,62.41
2018-10-09 16:00:00+02:00,68.97
2018-10-09 17:00:00+02:00,83.2
2018-10-09 18:00:00+02:00,90.0
2018-10-09 19:00:00+02:00,110.28
2018-10-09 20:00:00+02:00,92.55
2018-10-09 21:00:00+02:00,80.51
2018-10-09 22:00:00+02:00,69.76
2018-10-09 23:00:00+02:00,60.56
2018-10-10 00:00:00+02:00,53.7
2018-10-10 01:00:00+02:00,55.13
2018-10-10 02:00:00+02:00,54.88
2018-10-10 03:00:00+02:00,54.05
2018-10-10 04:00:00+02:00,54.64
2018-10-10 05:00:00+02:00,55.46
2018-10-10 06:00:00+02:00,72.16
2018-10-10 07:00:00+02:00,88.0
2018-10-10 08:00:00+02:00,93.22
2018-10-10 09:00:00+02:00,86.84
2018-10-10 10:00:00+02:00,80.81
2018-10-10 11:00:00+02:00,73.69
2018-10-10 12:00:00+02:00,55.27
2018-10-10 13:00:00+02:00,53.61
2018-10-10 14:00:00+02:00,51.99
2018-10-10 15:00:00+02:00,53.68
2018-10-10 16:00:00+02:00,57.47
2018-10-10 17:00:00+02:00,69.3
2018-10-10 18:00:00+02:00,70.68
2018-10-10 19:00:00+02:00,72.88
2018-10-10 20:00:00+02:00,53.71
2018-10-10 21:00:00+02:00,51.18
2018-10-10 22:00:00+02:00,46.74
2018-10-10 23:00:00+02:00,33.04
2018-10-11 00:00:00+02:00,35.01
2018-10-11 01:00:00+02:00,31.71
2018-10-11 02:00:00+02:00,29.97
2018-10-11 03:00:00+02:00,30.05
2018-10-11 04:00:00+02:00,35.85
2018-10-11 05:00:00+02:00,44.08
2018-10-11 06:00:00+02:00,49.98
2018-10-11 07:00:00+02:00,72.96
2018-10-11 08:00:00+02:00,71.52
2018-10-11 09:00:00+02:00,59.8
2018-10-11 10:00:00+02:00,49.21
2018-10-11 11:00:00+02:00,48.61
2018-10-11 12:00:00+02:00,47.02
2018-10-11 13:00:00+02:00,46.9
2018-10-11 14:00:00+02:00,49.25
2018-10-11 15:00:00+02:00,59.95
2018-10-11 16:00:00+02:00,65.06
2018-10-11 17:00:00+02:00,72.85
2018-10-11 18:00:00+02:00,81.3
2018-10-11 19:00:00+02:00,88.5
2018-10-11 20:00:00+02:00,76.34
2018-10-11 21:00:00+02:00,58.62
2018-10-11 22:00:00+02:00,52.04
2018-10-11 23:00:00+02:00,47.86
2018-10-12 00:00:00+02:00,45.85
2018-10-12 01:00:00+02:00,45.88
2018-10-12 02:00:00+02:00,45.6
2018-10-12 03:00:00+02:00,45.64
2018-10-12 04:00:00+02:00,45.8
2018-10-12 05:00:00+02:00,49.64
2018-10-12 06:00:00+02:00,56.65
2018-10-12 07:00:00+02:00,69.87
2018-10-12 08:00:00+02:00,71.47
2018-10-12 09:00:00+02:00,69.71
2018-10-12 10:00:00+02:00,69.52
2018-10-12 11:00:00+02:00,61.95
2018-10-12 12:00:00+02:00,49.25
2018-10-12 13:00:00+02:00,48.75
2018-10-12 14:00:00+02:00,47.84
2018-10-12 15:00:00+02:00,53.32
2018-10-12 16:00:00+02:00,56.95
2018-10-12 17:00:00+02:00,67.32
2018-10-12 18:00:00+02:00,69.94
2018-10-12 19:00:00+02:00,79.08
2018-10-12 20:00:00+02:00,65.0
2018-10-12 21:00:00+02:00,53.58
2018-10-12 22:00:00+02:00,50.0
2018-10-12 23:00:00+02:00,43.88
2018-10-13 00:00:00+02:00,47.8
2018-10-13 01:00:00+02:00,43.97
2018-10-13 02:00:00+02:00,42.08
2018-10-13 03:00:00+02:00,39.14
2018-10-13 04:00:00+02:00,42.74
2018-10-13 05:00:00+02:00,43.91
2018-10-13 06:00:00+02:00,48.34
2018-10-13 07:00:00+02:00,58.18
2018-10-13 08:00:00+02:00,62.9
2018-10-13 09:00:00+02:00,62.43
2018-10-13 10:00:00+02:00,52.55
2018-10-13 11:00:00+02:00,44.05
2018-10-13 12:00:00+02:00,37.4
2018-10-13 13:00:00+02:00,34.1
2018-10-13 14:00:00+02:00,31.95
2018-10-13 15:00:00+02:00,37.42
2018-10-13 16:00:00+02:00,50.23
2018-10-13 17:00:00+02:00,60.46
2018-10-13 18:00:00+02:00,64.54
2018-10-13 19:00:00+02:00,55.85
2018-10-13 20:00:00+02:00,40.59
2018-10-13 21:00:00+02:00,31.52
2018-10-13 22:00:00+02:00,24.72
2018-10-13 23:00:00+02:00,20.29
2018-10-14 00:00:00+02:00,20.76
2018-10-14 01:00:00+02:00,21.44
2018-10-14 02:00:00+02:00,20.89
2018-10-14 03:00:00+02:00,19.52
2018-10-14 04:00:00+02:00,20.72
2018-10-14 05:00:00+02:00,20.79
2018-10-14 06:00:00+02:00,22.07
2018-10-14 07:00:00+02:00,25.86
2018-10-14 08:00:00+02:00,27.69
2018-10-14 09:00:00+02:00,26.71
2018-10-14 10:00:00+02:00,26.94
2018-10-14 11:00:00+02:00,25.76
2018-10-14 12:00:00+02:00,20.73
2018-10-14 13:00:00+02:00,20.75
2018-10-14 14:00:00+02:00,13.92
2018-10-14 15:00:00+02:00,19.54
2018-10-14 16:00:00+02:00,20.74
2018-10-14 17:00:00+02:00,42.82
2018-10-14 18:00:00+02:00,56.56
2018-10-14 19:00:00+02:00,68.09
2018-10-14 20:00:00+02:00,40.54
2018-10-14 21:00:00+02:00,32.9
2018-10-14 22:00:00+02:00,31.32
2018-10-14 23:00:00+02:00,27.0
2018-10-15 00:00:00+02:00,34.93
2018-10-15 01:00:00+02:00,30.86
2018-10-15 02:00:00+02:00,29.05
2018-10-15 03:00:00+02:00,30.06
2018-10-15 04:00:00+02:00,33.0
2018-10-15 05:00:00+02:00,42.0
2018-10-15 06:00:00+02:00,60.02
2018-10-15 07:00:00+02:00,79.38
2018-10-15 08:00:00+02:00,79.05
2018-10-15 09:00:00+02:00,74.72
2018-10-15 10:00:00+02:00,62.39
2018-10-15 11:00:00+02:00,52.89
2018-10-15 12:00:00+02:00,48.52
2018-10-15 13:00:00+02:00,49.82
2018-10-15 14:00:00+02:00,51.45
2018-10-15 15:00:00+02:00,55.26
2018-10-15 16:00:00+02:00,71.86
2018-10-15 17:00:00+02:00,80.28
2018-10-15 18:00:00+02:00,90.0
2018-10-15 19:00:00+02:00,107.32
2018-10-15 20:00:00+02:00,75.31
2018-10-15 21:00:00+02:00,70.49
2018-10-15 22:00:00+02:00,59.05
2018-10-15 23:00:00+02:00,59.07
2018-10-16 00:00:00+02:00,56.06
2018-10-16 01:00:00+02:00,53.55
2018-10-16 02:00:00+02:00,52.01
2018-10-16 03:00:00+02:00,51.0
2018-10-16 04:00:00+02:00,52.2
2018-10-16 05:00:00+02:00,57.02
2018-10-16 06:00:00+02:00,77.73
2018-10-16 07:00:00+02:00,86.98
2018-10-16 08:00:00+02:00,95.01
2018-10-16 09:00:00+02:00,86.02
2018-10-16 10:00:00+02:00,78.82
2018-10-16 11:00:00+02:00,75.93
2018-10-16 12:00:00+02:00,70.91
2018-10-16 13:00:00+02:00,69.36
2018-10-16 14:00:00+02:00,68.61
2018-10-16 15:00:00+02:00,69.19
2018-10-16 16:00:00+02:00,74.04
2018-10-16 17:00:00+02:00,80.95
2018-10-16 18:00:00+02:00,89.97
2018-10-16 19:00:00+02:00,105.12
2018-10-16 20:00:00+02:00,84.96
2018-10-16 21:00:00+02:00,76.02
2018-10-16 22:00:00+02:00,59.99
2018-10-16 23:00:00+02:00,56.5
2018-10-17 00:00:00+02:00,55.01
2018-10-17 01:00:00+02:00,52.33
2018-10-17 02:00:00+02:00,50.33
2018-10-17 03:00:00+02:00,50.0
2018-10-17 04:00:00+02:00,51.52
2018-10-17 05:00:00+02:00,55.75
2018-10-17 06:00:00+02:00,73.6
2018-10-17 07:00:00+02:00,88.77
2018-10-17 08:00:00+02:00,89.99
2018-10-17 09:00:00+02:00,87.6
2018-10-17 10:00:00+02:00,80.48
2018-10-17 11:00:00+02:00,74.24
2018-10-17 12:00:00+02:00,59.75
2018-10-17 13:00:00+02:00,57.85
2018-10-17 14:00:00+02:00,60.01
2018-10-17 15:00:00+02:00,70.81
2018-10-17 16:00:00+02:00,79.94
2018-10-17 17:00:00+02:00,82.94
2018-10-17 18:00:00+02:00,89.94
2018-10-17 19:00:00+02:00,112.66
2018-10-17 20:00:00+02:00,86.14
2018-10-17 21:00:00+02:00,75.57
2018-10-17 22:00:00+02:00,58.46
2018-10-17 23:00:00+02:00,58.16
2018-10-18 00:00:00+02:00,55.35
2018-10-18 01:00:00+02:00,53.36
2018-10-18 02:00:00+02:00,50.75
2018-10-18 03:00:00+02:00,48.88
2018-10-18 04:00:00+02:00,48.9
2018-10-18 05:00:00+02:00,52.32
2018-10-18 06:00:00+02:00,61.06
2018-10-18 07:00:00+02:00,79.86
2018-10-18 08:00:00+02:00,82.99
2018-10-18 09:00:00+02:00,80.97
2018-10-18 10:00:00+02:00,74.59
2018-10-18 11:00:00+02:00,61.52
2018-10-18 12:00:00+02:00,55.28
2018-10-18 13:00:00+02:00,55.04
2018-10-18 14:00:00+02:00,55.12
2018-10-18 15:00:00+02:00,55.28
2018-10-18 16:00:00+02:00,60.45
2018-10-18 17:00:00+02:00,71.69
2018-10-18 18:00:00+02:00,80.15
2018-10-18 19:00:00+02:00,83.86
2018-10-18 20:00:00+02:00,75.48
2018-10-18 21:00:00+02:00,60.07
2018-10-18 22:00:00+02:00,58.76
2018-10-18 23:00:00+02:00,54.21
2018-10-19 00:00:00+02:00,52.47
2018-10-19 01:00:00+02:00,51.85
2018-10-19 02:00:00+02:00,50.61
2018-10-19 03:00:00+02:00,49.96
2018-10-19 04:00:00+02:00,50.25
2018-10-19 05:00:00+02:00,54.34
2018-10-19 06:00:00+02:00,72.63
2018-10-19 07:00:00+02:00,80.96
2018-10-19 08:00:00+02:00,84.09
2018-10-19 09:00:00+02:00,84.28
2018-10-19 10:00:00+02:00,81.94
2018-10-19 11:00:00+02:00,75.19
2018-10-19 12:00:00+02:00,69.16
2018-10-19 13:00:00+02:00,62.72
2018-10-19 14:00:00+02:00,60.29
2018-10-19 15:00:00+02:00,60.92
2018-10-19 16:00:00+02:00,70.63
2018-10-19 17:00:00+02:00,80.71
2018-10-19 18:00:00+02:00,81.96
2018-10-19 19:00:00+02:00,83.95
2018-10-19 20:00:00+02:00,79.48
2018-10-19 21:00:00+02:00,68.95
2018-10-19 22:00:00+02:00,59.99
2018-10-19 23:00:00+02:00,55.38
2018-10-20 00:00:00+02:00,64.75
2018-10-20 01:00:00+02:00,56.55
2018-10-20 02:00:00+02:00,53.01
2018-10-20 03:00:00+02:00,51.28
2018-10-20 04:00:00+02:00,50.75
2018-10-20 05:00:00+02:00,49.97
2018-10-20 06:00:00+02:00,52.4
2018-10-20 07:00:00+02:00,56.03
2018-10-20 08:00:00+02:00,61.97
2018-10-20 09:00:00+02:00,70.93
2018-10-20 10:00:00+02:00,66.39
2018-10-20 11:00:00+02:00,61.54
2018-10-20 12:00:00+02:00,54.48
2018-10-20 13:00:00+02:00,50.86
2018-10-20 14:00:00+02:00,50.6
2018-10-20 15:00:00+02:00,51.71
2018-10-20 16:00:00+02:00,54.99
2018-10-20 17:00:00+02:00,61.24
2018-10-20 18:00:00+02:00,75.8
2018-10-20 19:00:00+02:00,79.95
2018-10-20 20:00:00+02:00,71.69
2018-10-20 21:00:00+02:00,62.29
2018-10-20 22:00:00+02:00,60.01
2018-10-20 23:00:00+02:00,55.9
2018-10-21 00:00:00+02:00,53.26
2018-10-21 01:00:00+02:00,48.02
2018-10-21 02:00:00+02:00,48.07
2018-10-21 03:00:00+02:00,50.5
2018-10-21 04:00:00+02:00,50.33
2018-10-21 05:00:00+02:00,50.5
2018-10-21 06:00:00+02:00,52.02
2018-10-21 07:00:00+02:00,56.03
2018-10-21 08:00:00+02:00,59.0
2018-10-21 09:00:00+02:00,61.03
2018-10-21 10:00:00+02:00,60.94
2018-10-21 11:00:00+02:00,60.79
2018-10-21 12:00:00+02:00,51.63
2018-10-21 13:00:00+02:00,47.02
2018-10-21 14:00:00+02:00,47.51
2018-10-21 15:00:00+02:00,44.97
2018-10-21 16:00:00+02:00,52.06
2018-10-21 17:00:00+02:00,58.58
2018-10-21 18:00:00+02:00,68.95
2018-10-21 19:00:00+02:00,74.94
2018-10-21 20:00:00+02:00,70.1
2018-10-21 21:00:00+02:00,57.94
2018-10-21 22:00:00+02:00,59.9
2018-10-21 23:00:00+02:00,48.08
2018-10-22 00:00:00+02:00,46.35
2018-10-22 01:00:00+02:00,46.32
2018-10-22 02:00:00+02:00,43.21
2018-10-22 03:00:00+02:00,39.75
2018-10-22 04:00:00+02:00,41.81
2018-10-22 05:00:00+02:00,45.53
2018-10-22 06:00:00+02:00,59.32
2018-10-22 07:00:00+02:00,75.18
2018-10-22 08:00:00+02:00,76.39
2018-10-22 09:00:00+02:00,69.86
2018-10-22 10:00:00+02:00,58.21
2018-10-22 11:00:00+02:00,54.46
2018-10-22 12:00:00+02:00,47.02
2018-10-22 13:00:00+02:00,46.0
2018-10-22 14:00:00+02:00,46.37
2018-10-22 15:00:00+02:00,49.01
2018-10-22 16:00:00+02:00,55.8
2018-10-22 17:00:00+02:00,68.82
2018-10-22 18:00:00+02:00,78.91
2018-10-22 19:00:00+02:00,82.65
2018-10-22 20:00:00+02:00,69.02
2018-10-22 21:00:00+02:00,53.58
2018-10-22 22:00:00+02:00,50.69
2018-10-22 23:00:00+02:00,42.86
2018-10-23 00:00:00+02:00,45.65
2018-10-23 01:00:00+02:00,28.85
2018-10-23 02:00:00+02:00,30.94
2018-10-23 03:00:00+02:00,30.09
2018-10-23 04:00:00+02:00,24.99
2018-10-23 05:00:00+02:00,30.96
2018-10-23 06:00:00+02:00,41.21
2018-10-23 07:00:00+02:00,43.54
2018-10-23 08:00:00+02:00,43.66
2018-10-23 09:00:00+02:00,43.1
2018-10-23 10:00:00+02:00,42.83
2018-10-23 11:00:00+02:00,41.99
2018-10-23 12:00:00+02:00,39.92
2018-10-23 13:00:00+02:00,38.78
2018-10-23 14:00:00+02:00,40.52
2018-10-23 15:00:00+02:00,34.98
2018-10-23 16:00:00+02:00,28.15
2018-10-23 17:00:00+02:00,34.98
2018-10-23 18:00:00+02:00,35.09
2018-10-23 19:00:00+02:00,39.95
2018-10-23 20:00:00+02:00,32.13
2018-10-23 21:00:00+02:00,30.07
2018-10-23 22:00:00+02:00,22.53
2018-10-23 23:00:00+02:00,6.03
2018-10-24 00:00:00+02:00,4.07
2018-10-24 01:00:00+02:00,0.98
2018-10-24 02:00:00+02:00,0.04
2018-10-24 03:00:00+02:00,0.97
2018-10-24 04:00:00+02:00,10.05
2018-10-24 05:00:00+02:00,19.55
2018-10-24 06:00:00+02:00,42.57
2018-10-24 07:00:00+02:00,51.48
2018-10-24 08:00:00+02:00,52.89
2018-10-24 09:00:00+02:00,53.17
2018-10-24 10:00:00+02:00,53.19
2018-10-24 11:00:00+02:00,54.88
2018-10-24 12:00:00+02:00,51.71
2018-10-24 13:00:00+02:00,53.66
2018-10-24 14:00:00+02:00,55.85
2018-10-24 15:00:00+02:00,62.31
2018-10-24 16:00:00+02:00,64.7
2018-10-24 17:00:00+02:00,66.24
2018-10-24 18:00:00+02:00,75.16
2018-10-24 19:00:00+02:00,80.75
2018-10-24 20:00:00+02:00,64.55
2018-10-24 21:00:00+02:00,57.16
2018-10-24 22:00:00+02:00,51.6
2018-10-24 23:00:00+02:00,42.2
2018-10-25 00:00:00+02:00,41.93
2018-10-25 01:00:00+02:00,30.66
2018-10-25 02:00:00+02:00,29.58
2018-10-25 03:00:00+02:00,26.49
2018-10-25 04:00:00+02:00,25.59
2018-10-25 05:00:00+02:00,30.83
2018-10-25 06:00:00+02:00,44.59
2018-10-25 07:00:00+02:00,55.06
2018-10-25 08:00:00+02:00,58.97
2018-10-25 09:00:00+02:00,54.51
2018-10-25 10:00:00+02:00,47.29
2018-10-25 11:00:00+02:00,46.71
2018-10-25 12:00:00+02:00,44.52
2018-10-25 13:00:00+02:00,43.92
2018-10-25 14:00:00+02:00,44.12
2018-10-25 15:00:00+02:00,45.2
2018-10-25 16:00:00+02:00,50.38
2018-10-25 17:00:00+02:00,64.69
2018-10-25 18:00:00+02:00,74.08
2018-10-25 19:00:00+02:00,74.18
2018-10-25 20:00:00+02:00,66.09
2018-10-25 21:00:00+02:00,59.26
2018-10-25 22:00:00+02:00,59.09
2018-10-25 23:00:00+02:00,52.02
2018-10-26 00:00:00+02:00,47.81
2018-10-26 01:00:00+02:00,49.97
2018-10-26 02:00:00+02:00,48.25
2018-10-26 03:00:00+02:00,47.9
2018-10-26 04:00:00+02:00,50.1
2018-10-26 05:00:00+02:00,54.23
2018-10-26 06:00:00+02:00,68.65
2018-10-26 07:00:00+02:00,77.55
2018-10-26 08:00:00+02:00,82.28
2018-10-26 09:00:00+02:00,78.89
2018-10-26 10:00:00+02:00,75.22
2018-10-26 11:00:00+02:00,69.09
2018-10-26 12:00:00+02:00,57.2
2018-10-26 13:00:00+02:00,50.46
2018-10-26 14:00:00+02:00,47.85
2018-10-26 15:00:00+02:00,49.17
2018-10-26 16:00:00+02:00,55.27
2018-10-26 17:00:00+02:00,67.37
2018-10-26 18:00:00+02:00,71.01
2018-10-26 19:00:00+02:00,65.98
2018-10-26 20:00:00+02:00,56.68
2018-10-26 21:00:00+02:00,49.95
2018-10-26 22:00:00+02:00,43.79
2018-10-26 23:00:00+02:00,39.96
2018-10-27 00:00:00+02:00,30.55
2018-10-27 01:00:00+02:00,25.52
2018-10-27 02:00:00+02:00,25.14
2018-10-27 03:00:00+02:00,27.86
2018-10-27 04:00:00+02:00,24.39
2018-10-27 05:00:00+02:00,30.11
2018-10-27 06:00:00+02:00,37.43
2018-10-27 07:00:00+02:00,46.51
2018-10-27 08:00:00+02:00,47.13
2018-10-27 09:00:00+02:00,50.24
2018-10-27 10:00:00+02:00,50.7
2018-10-27 11:00:00+02:00,48.9
2018-10-27 12:00:00+02:00,50.86
2018-10-27 13:00:00+02:00,50.23
2018-10-27 14:00:00+02:00,55.28
2018-10-27 15:00:00+02:00,58.74
2018-10-27 16:00:00+02:00,58.96
2018-10-27 17:00:00+02:00,69.74
2018-10-27 18:00:00+02:00,79.72
2018-10-27 19:00:00+02:00,76.25
2018-10-27 20:00:00+02:00,61.16
2018-10-27 21:00:00+02:00,54.45
2018-10-27 22:00:00+02:00,50.19
2018-10-27 23:00:00+02:00,44.92
2018-10-28 00:00:00+02:00,44.53
2018-10-28 01:00:00+02:00,43.58
2018-10-28 02:00:00+02:00,41.62
2018-10-28 02:00:00+01:00,41.59
2018-10-28 03:00:00+01:00,40.12
2018-10-28 04:00:00+01:00,39.05
2018-10-28 05:00:00+01:00,40.34
2018-10-28 06:00:00+01:00,39.95
2018-10-28 07:00:00+01:00,42.7
2018-10-28 08:00:00+01:00,45.83
2018-10-28 09:00:00+01:00,47.97
2018-10-28 10:00:00+01:00,47.0
2018-10-28 11:00:00+01:00,46.87
2018-10-28 12:00:00+01:00,46.25
2018-10-28 13:00:00+01:00,42.64
2018-10-28 14:00:00+01:00,41.31
2018-10-28 15:00:00+01:00,45.58
2018-10-28 16:00:00+01:00,47.2
2018-10-28 17:00:00+01:00,48.37
2018-10-28 18:00:00+01:00,47.94
2018-10-28 19:00:00+01:00,46.3
2018-10-28 20:00:00+01:00,45.0
2018-10-28 21:00:00+01:00,44.27
2018-10-28 22:00:00+01:00,42.58
2018-10-28 23:00:00+01:00,27.93
2018-10-29 00:00:00+01:00,23.0
2018-10-29 01:00:00+01:00,24.25
2018-10-29 02:00:00+01:00,23.45
2018-10-29 03:00:00+01:00,24.27
2018-10-29 04:00:00+01:00,25.32
2018-10-29 05:00:00+01:00,30.83
2018-10-29 06:00:00+01:00,51.33
2018-10-29 07:00:00+01:00,64.34
2018-10-29 08:00:00+01:00,62.56
2018-10-29 09:00:00+01:00,56.55
2018-10-29 10:00:00+01:00,58.34
2018-10-29 11:00:00+01:00,55.93
2018-10-29 12:00:00+01:00,55.94
2018-10-29 13:00:00+01:00,53.94
2018-10-29 14:00:00+01:00,52.69
2018-10-29 15:00:00+01:00,50.0
2018-10-29 16:00:00+01:00,52.23
2018-10-29 17:00:00+01:00,56.22
2018-10-29 18:00:00+01:00,48.68
2018-10-29 19:00:00+01:00,45.63
2018-10-29 20:00:00+01:00,45.64
2018-10-29 21:00:00+01:00,40.75
2018-10-29 22:00:00+01:00,30.33
2018-10-29 23:00:00+01:00,23.16
2018-10-30 00:00:00+01:00,26.02
2018-10-30 01:00:00+01:00,20.09
2018-10-30 02:00:00+01:00,18.65
2018-10-30 03:00:00+01:00,19.13
2018-10-30 04:00:00+01:00,19.15
2018-10-30 05:00:00+01:00,22.11
2018-10-30 06:00:00+01:00,33.68
2018-10-30 07:00:00+01:00,44.89
2018-10-30 08:00:00+01:00,44.81
2018-10-30 09:00:00+01:00,35.89
2018-10-30 10:00:00+01:00,30.51
2018-10-30 11:00:00+01:00,30.37
2018-10-30 12:00:00+01:00,29.95
2018-10-30 13:00:00+01:00,34.55
2018-10-30 14:00:00+01:00,42.78
2018-10-30 15:00:00+01:00,45.75
2018-10-30 16:00:00+01:00,45.43
2018-10-30 17:00:00+01:00,46.36
2018-10-30 18:00:00+01:00,46.12
2018-10-30 19:00:00+01:00,44.91
2018-10-30 20:00:00+01:00,44.02
2018-10-30 21:00:00+01:00,32.02
2018-10-30 22:00:00+01:00,29.3
2018-10-30 23:00:00+01:00,21.66
2018-10-31 00:00:00+01:00,20.64
2018-10-31 01:00:00+01:00,16.61
2018-10-31 02:00:00+01:00,17.22
2018-10-31 03:00:00+01:00,21.2
2018-10-31 04:00:00+01:00,26.18
2018-10-31 05:00:00+01:00,25.78
2018-10-31 06:00:00+01:00,44.09
2018-10-31 07:00:00+01:00,44.94
2018-10-31 08:00:00+01:00,44.82
2018-10-31 09:00:00+01:00,44.19
2018-10-31 10:00:00+01:00,43.83
2018-10-31 11:00:00+01:00,44.04
2018-10-31 12:00:00+01:00,45.22
2018-10-31 13:00:00+01:00,49.18
2018-10-31 14:00:00+01:00,61.65
2018-10-31 15:00:00+01:00,69.16
2018-10-31 16:00:00+01:00,75.45
2018-10-31 17:00:00+01:00,82.07
2018-10-31 18:00:00+01:00,74.02
2018-10-31 19:00:00+01:00,62.2
2018-10-31 20:00:00+01:00,50.08
2018-10-31 21:00:00+01:00,44.42
2018-10-31 22:00:00+01:00,41.29
2018-10-31 23:00:00+01:00,35.06
2018-11-01 00:00:00+01:00,40.86
2018-11-01 01:00:00+01:00,41.1
2018-11-01 02:00:00+01:00,40.59
2018-11-01 03:00:00+01:00,40.09
2018-11-01 04:00:00+01:00,39.11
2018-11-01 05:00:00+01:00,39.07
2018-11-01 06:00:00+01:00,38.03
2018-11-01 07:00:00+01:00,43.4
2018-11-01 08:00:00+01:00,45.33
2018-11-01 09:00:00+01:00,45.05
2018-11-01 10:00:00+01:00,45.37
2018-11-01 11:00:00+01:00,45.91
2018-11-01 12:00:00+01:00,50.15
2018-11-01 13:00:00+01:00,55.37
2018-11-01 14:00:00+01:00,53.07
2018-11-01 15:00:00+01:00,53.09
2018-11-01 16:00:00+01:00,50.38
2018-11-01 17:00:00+01:00,62.99
2018-11-01 18:00:00+01:00,70.69
2018-11-01 19:00:00+01:00,65.0
2018-11-01 20:00:00+01:00,53.98
2018-11-01 21:00:00+01:00,45.8
2018-11-01 22:00:00+01:00,44.63
2018-11-01 23:00:00+01:00,40.86
2018-11-02 00:00:00+01:00,42.22
2018-11-02 01:00:00+01:00,40.98
2018-11-02 02:00:00+01:00,40.8
2018-11-02 03:00:00+01:00,40.55
2018-11-02 04:00:00+01:00,40.82
2018-11-02 05:00:00+01:00,45.06
2018-11-02 06:00:00+01:00,48.41
2018-11-02 07:00:00+01:00,54.12
2018-11-02 08:00:00+01:00,59.9
2018-11-02 09:00:00+01:00,54.06
2018-11-02 10:00:00+01:00,50.22
2018-11-02 11:00:00+01:00,50.03
2018-11-02 12:00:00+01:00,50.65
2018-11-02 13:00:00+01:00,54.98
2018-11-02 14:00:00+01:00,63.07
2018-11-02 15:00:00+01:00,66.03
2018-11-02 16:00:00+01:00,70.99
2018-11-02 17:00:00+01:00,81.09
2018-11-02 18:00:00+01:00,78.96
2018-11-02 19:00:00+01:00,72.01
2018-11-02 20:00:00+01:00,59.09
2018-11-02 21:00:00+01:00,52.15
2018-11-02 22:00:00+01:00,49.84
2018-11-02 23:00:00+01:00,48.42
2018-11-03 00:00:00+01:00,46.51
2018-11-03 01:00:00+01:00,46.04
2018-11-03 02:00:00+01:00,44.55
2018-11-03 03:00:00+01:00,44.65
2018-11-03 04:00:00+01:00,44.71
2018-11-03 05:00:00+01:00,44.81
2018-11-03 06:00:00+01:00,50.01
2018-11-03 07:00:00+01:00,55.84
2018-11-03 08:00:00+01:00,61.5
2018-11-03 09:00:00+01:00,65.03
2018-11-03 10:00:00+01:00,63.36
2018-11-03 11:00:00+01:00,56.3
2018-11-03 12:00:00+01:00,50.36
2018-11-03 13:00:00+01:00,48.79
2018-11-03 14:00:00+01:00,48.87
2018-11-03 15:00:00+01:00,56.84
2018-11-03 16:00:00+01:00,61.41
2018-11-03 17:00:00+01:00,69.58
2018-11-03 18:00:00+01:00,62.24
2018-11-03 19:00:00+01:00,54.45
2018-11-03 20:00:00+01:00,45.67
2018-11-03 21:00:00+01:00,43.74
2018-11-03 22:00:00+01:00,42.33
2018-11-03 23:00:00+01:00,41.44
2018-11-04 00:00:00+01:00,42.44
2018-11-04 01:00:00+01:00,42.06
2018-11-04 02:00:00+01:00,41.9
2018-11-04 03:00:00+01:00,41.19
2018-11-04 04:00:00+01:00,41.04
2018-11-04 05:00:00+01:00,41.34
2018-11-04 06:00:00+01:00,41.95
2018-11-04 07:00:00+01:00,43.13
2018-11-04 08:00:00+01:00,45.48
2018-11-04 09:00:00+01:00,48.26
2018-11-04 10:00:00+01:00,46.76
2018-11-04 11:00:00+01:00,51.06
2018-11-04 12:00:00+01:00,48.82
2018-11-04 13:00:00+01:00,46.01
2018-11-04 14:00:00+01:00,45.87
2018-11-04 15:00:00+01:00,51.01
2018-11-04 16:00:00+01:00,52.3
2018-11-04 17:00:00+01:00,62.99
2018-11-04 18:00:00+01:00,67.17
2018-11-04 19:00:00+01:00,57.69
2018-11-04 20:00:00+01:00,48.04
2018-11-04 21:00:00+01:00,45.0
2018-11-04 22:00:00+01:00,44.78
2018-11-04 23:00:00+01:00,42.93
2018-11-05 00:00:00+01:00,40.54
2018-11-05 01:00:00+01:00,42.66
2018-11-05 02:00:00+01:00,43.13
2018-11-05 03:00:00+01:00,41.72
2018-11-05 04:00:00+01:00,40.58
2018-11-05 05:00:00+01:00,42.53
2018-11-05 06:00:00+01:00,54.22
2018-11-05 07:00:00+01:00,67.64
2018-11-05 08:00:00+01:00,69.91
2018-11-05 09:00:00+01:00,67.5
2018-11-05 10:00:00+01:00,68.28
2018-11-05 11:00:00+01:00,68.31
2018-11-05 12:00:00+01:00,65.83
2018-11-05 13:00:00+01:00,67.17
2018-11-05 14:00:00+01:00,68.21
2018-11-05 15:00:00+01:00,70.94
2018-11-05 16:00:00+01:00,69.8
2018-11-05 17:00:00+01:00,68.81
2018-11-05 18:00:00+01:00,59.33
2018-11-05 19:00:00+01:00,58.57
2018-11-05 20:00:00+01:00,53.9
2018-11-05 21:00:00+01:00,50.84
2018-11-05 22:00:00+01:00,48.18
2018-11-05 23:00:00+01:00,44.06
2018-11-06 00:00:00+01:00,46.37
2018-11-06 01:00:00+01:00,46.12
2018-11-06 02:00:00+01:00,44.78
2018-11-06 03:00:00+01:00,43.53
2018-11-06 04:00:00+01:00,43.93
2018-11-06 05:00:00+01:00,48.18
2018-11-06 06:00:00+01:00,57.1
2018-11-06 07:00:00+01:00,67.95
2018-11-06 08:00:00+01:00,70.1
2018-11-06 09:00:00+01:00,68.25
2018-11-06 10:00:00+01:00,64.72
2018-11-06 11:00:00+01:00,63.86
2018-11-06 12:00:00+01:00,60.73
2018-11-06 13:00:00+01:00,62.41
2018-11-06 14:00:00+01:00,63.14
2018-11-06 15:00:00+01:00,64.34
2018-11-06 16:00:00+01:00,66.89
2018-11-06 17:00:00+01:00,74.68
2018-11-06 18:00:00+01:00,72.94
2018-11-06 19:00:00+01:00,70.97
2018-11-06 20:00:00+01:00,59.26
2018-11-06 21:00:00+01:00,52.0
2018-11-06 22:00:00+01:00,47.99
2018-11-06 23:00:00+01:00,44.95
2018-11-07 00:00:00+01:00,44.51
2018-11-07 01:00:00+01:00,43.53
2018-11-07 02:00:00+01:00,41.59
2018-11-07 03:00:00+01:00,40.64
2018-11-07 04:00:00+01:00,41.77
2018-11-07 05:00:00+01:00,43.77
2018-11-07 06:00:00+01:00,50.79
2018-11-07 07:00:00+01:00,61.99
2018-11-07 08:00:00+01:00,64.18
2018-11-07 09:00:00+01:00,63.01
2018-11-07 10:00:00+01:00,61.56
2018-11-07 11:00:00+01:00,58.36
2018-11-07 12:00:00+01:00,58.35
2018-11-07 13:00:00+01:00,60.03
2018-11-07 14:00:00+01:00,62.94
2018-11-07 15:00:00+01:00,65.61
2018-11-07 16:00:00+01:00,67.7
2018-11-07 17:00:00+01:00,70.99
2018-11-07 18:00:00+01:00,68.61
2018-11-07 19:00:00+01:00,66.05
2018-11-07 20:00:00+01:00,62.82
2018-11-07 21:00:00+01:00,49.3
2018-11-07 22:00:00+01:00,51.23
2018-11-07 23:00:00+01:00,44.86
2018-11-08 00:00:00+01:00,45.0
2018-11-08 01:00:00+01:00,44.83
2018-11-08 02:00:00+01:00,44.31
2018-11-08 03:00:00+01:00,44.33
2018-11-08 04:00:00+01:00,44.57
2018-11-08 05:00:00+01:00,46.78
2018-11-08 06:00:00+01:00,56.92
2018-11-08 07:00:00+01:00,67.0
2018-11-08 08:00:00+01:00,68.95
2018-11-08 09:00:00+01:00,68.82
2018-11-08 10:00:00+01:00,67.71
2018-11-08 11:00:00+01:00,67.43
2018-11-08 12:00:00+01:00,64.97
2018-11-08 13:00:00+01:00,65.67
2018-11-08 14:00:00+01:00,67.49
2018-11-08 15:00:00+01:00,68.49
2018-11-08 16:00:00+01:00,72.63
2018-11-08 17:00:00+01:00,92.18
2018-11-08 18:00:00+01:00,90.06
2018-11-08 19:00:00+01:00,75.82
2018-11-08 20:00:00+01:00,69.07
2018-11-08 21:00:00+01:00,62.63
2018-11-08 22:00:00+01:00,59.32
2018-11-08 23:00:00+01:00,53.91
2018-11-09 00:00:00+01:00,50.77
2018-11-09 01:00:00+01:00,50.6
2018-11-09 02:00:00+01:00,48.12
2018-11-09 03:00:00+01:00,47.64
2018-11-09 04:00:00+01:00,47.84
2018-11-09 05:00:00+01:00,51.0
2018-11-09 06:00:00+01:00,62.16
2018-11-09 07:00:00+01:00,69.06
2018-11-09 08:00:00+01:00,72.56
2018-11-09 09:00:00+01:00,66.3
2018-11-09 10:00:00+01:00,67.69
2018-11-09 11:00:00+01:00,65.99
2018-11-09 12:00:00+01:00,63.75
2018-11-09 13:00:00+01:00,62.15
2018-11-09 14:00:00+01:00,62.84
2018-11-09 15:00:00+01:00,64.81
2018-11-09 16:00:00+01:00,67.4
2018-11-09 17:00:00+01:00,69.72
2018-11-09 18:00:00+01:00,68.16
2018-11-09 19:00:00+01:00,66.44
2018-11-09 20:00:00+01:00,60.42
2018-11-09 21:00:00+01:00,52.94
2018-11-09 22:00:00+01:00,47.28
2018-11-09 23:00:00+01:00,42.71
2018-11-10 00:00:00+01:00,42.69
2018-11-10 01:00:00+01:00,40.49
2018-11-10 02:00:00+01:00,38.79
2018-11-10 03:00:00+01:00,38.92
2018-11-10 04:00:00+01:00,38.2
2018-11-10 05:00:00+01:00,38.23
2018-11-10 06:00:00+01:00,38.78
2018-11-10 07:00:00+01:00,40.31
2018-11-10 08:00:00+01:00,42.71
2018-11-10 09:00:00+01:00,43.23
2018-11-10 10:00:00+01:00,43.69
2018-11-10 11:00:00+01:00,43.75
2018-11-10 12:00:00+01:00,43.74
2018-11-10 13:00:00+01:00,42.87
2018-11-10 14:00:00+01:00,45.07
2018-11-10 15:00:00+01:00,49.31
2018-11-10 16:00:00+01:00,49.44
2018-11-10 17:00:00+01:00,50.91
2018-11-10 18:00:00+01:00,49.75
2018-11-10 19:00:00+01:00,47.78
2018-11-10 20:00:00+01:00,42.93
2018-11-10 21:00:00+01:00,41.21
2018-11-10 22:00:00+01:00,41.19
2018-11-10 23:00:00+01:00,39.58
2018-11-11 00:00:00+01:00,34.58
2018-11-11 01:00:00+01:00,30.67
2018-11-11 02:00:00+01:00,37.93
2018-11-11 03:00:00+01:00,35.84
2018-11-11 04:00:00+01:00,34.05
2018-11-11 05:00:00+01:00,34.15
2018-11-11 06:00:00+01:00,33.96
2018-11-11 07:00:00+01:00,37.98
2018-11-11 08:00:00+01:00,40.05
2018-11-11 09:00:00+01:00,41.26
2018-11-11 10:00:00+01:00,42.08
2018-11-11 11:00:00+01:00,42.25
2018-11-11 12:00:00+01:00,41.14
2018-11-11 13:00:00+01:00,38.59
2018-11-11 14:00:00+01:00,40.41
2018-11-11 15:00:00+01:00,42.38
2018-11-11 16:00:00+01:00,44.75
2018-11-11 17:00:00+01:00,46.51
2018-11-11 18:00:00+01:00,45.12
2018-11-11 19:00:00+01:00,43.85
2018-11-11 20:00:00+01:00,43.04
2018-11-11 21:00:00+01:00,41.64
2018-11-11 22:00:00+01:00,42.67
2018-11-11 23:00:00+01:00,38.58
2018-11-12 00:00:00+01:00,36.1
2018-11-12 01:00:00+01:00,37.8
2018-11-12 02:00:00+01:00,38.33
2018-11-12 03:00:00+01:00,39.2
2018-11-12 04:00:00+01:00,38.57
2018-11-12 05:00:00+01:00,43.54
2018-11-12 06:00:00+01:00,64.68
2018-11-12 07:00:00+01:00,69.87
2018-11-12 08:00:00+01:00,68.71
2018-11-12 09:00:00+01:00,61.15
2018-11-12 10:00:00+01:00,58.71
2018-11-12 11:00:00+01:00,54.76
2018-11-12 12:00:00+01:00,63.58
2018-11-12 13:00:00+01:00,65.07
2018-11-12 14:00:00+01:00,67.05
2018-11-12 15:00:00+01:00,67.87
2018-11-12 16:00:00+01:00,67.63
2018-11-12 17:00:00+01:00,66.76
2018-11-12 18:00:00+01:00,63.48
2018-11-12 19:00:00+01:00,59.16
2018-11-12 20:00:00+01:00,51.64
2018-11-12 21:00:00+01:00,46.9
2018-11-12 22:00:00+01:00,45.34
2018-11-12 23:00:00+01:00,41.81
2018-11-13 00:00:00+01:00,44.54
2018-11-13 01:00:00+01:00,46.31
2018-11-13 02:00:00+01:00,45.31
2018-11-13 03:00:00+01:00,44.88
2018-11-13 04:00:00+01:00,46.03
2018-11-13 05:00:00+01:00,47.28
2018-11-13 06:00:00+01:00,62.14
2018-11-13 07:00:00+01:00,67.91
2018-11-13 08:00:00+01:00,69.89
2018-11-13 09:00:00+01:00,64.69
2018-11-13 10:00:00+01:00,64.2
2018-11-13 11:00:00+01:00,54.43
2018-11-13 12:00:00+01:00,48.52
2018-11-13 13:00:00+01:00,47.91
2018-11-13 14:00:00+01:00,48.31
2018-11-13 15:00:00+01:00,49.94
2018-11-13 16:00:00+01:00,52.75
2018-11-13 17:00:00+01:00,64.3
2018-11-13 18:00:00+01:00,62.16
2018-11-13 19:00:00+01:00,57.97
2018-11-13 20:00:00+01:00,49.23
2018-11-13 21:00:00+01:00,46.69
2018-11-13 22:00:00+01:00,45.52
2018-11-13 23:00:00+01:00,43.68
2018-11-14 00:00:00+01:00,43.14
2018-11-14 01:00:00+01:00,43.13
2018-11-14 02:00:00+01:00,43.15
2018-11-14 03:00:00+01:00,45.28
2018-11-14 04:00:00+01:00,45.78
2018-11-14 05:00:00+01:00,48.52
2018-11-14 06:00:00+01:00,60.08
2018-11-14 07:00:00+01:00,69.75
2018-11-14 08:00:00+01:00,71.04
2018-11-14 09:00:00+01:00,69.87
2018-11-14 10:00:00+01:00,67.14
2018-11-14 11:00:00+01:00,66.03
2018-11-14 12:00:00+01:00,62.23
2018-11-14 13:00:00+01:00,64.18
2018-11-14 14:00:00+01:00,65.9
2018-11-14 15:00:00+01:00,70.1
2018-11-14 16:00:00+01:00,73.98
2018-11-14 17:00:00+01:00,83.47
2018-11-14 18:00:00+01:00,80.13
2018-11-14 19:00:00+01:00,74.9
2018-11-14 20:00:00+01:00,68.88
2018-11-14 21:00:00+01:00,63.0
2018-11-14 22:00:00+01:00,54.85
2018-11-14 23:00:00+01:00,50.3
2018-11-15 00:00:00+01:00,51.67
2018-11-15 01:00:00+01:00,50.8
2018-11-15 02:00:00+01:00,51.27
2018-11-15 03:00:00+01:00,50.29
2018-11-15 04:00:00+01:00,51.03
2018-11-15 05:00:00+01:00,53.17
2018-11-15 06:00:00+01:00,65.05
2018-11-15 07:00:00+01:00,73.16
2018-11-15 08:00:00+01:00,74.44
2018-11-15 09:00:00+01:00,73.27
2018-11-15 10:00:00+01:00,70.0
2018-11-15 11:00:00+01:00,68.4
2018-11-15 12:00:00+01:00,67.19
2018-11-15 13:00:00+01:00,67.51
2018-11-15 14:00:00+01:00,68.43
2018-11-15 15:00:00+01:00,73.1
2018-11-15 16:00:00+01:00,74.47
2018-11-15 17:00:00+01:00,79.7
2018-11-15 18:00:00+01:00,73.1
2018-11-15 19:00:00+01:00,70.35
2018-11-15 20:00:00+01:00,61.38
2018-11-15 21:00:00+01:00,53.52
2018-11-15 22:00:00+01:00,53.06
2018-11-15 23:00:00+01:00,49.14
2018-11-16 00:00:00+01:00,46.42
2018-11-16 01:00:00+01:00,49.67
2018-11-16 02:00:00+01:00,48.14
2018-11-16 03:00:00+01:00,48.91
2018-11-16 04:00:00+01:00,49.11
2018-11-16 05:00:00+01:00,50.4
2018-11-16 06:00:00+01:00,63.48
2018-11-16 07:00:00+01:00,68.32
2018-11-16 08:00:00+01:00,72.64
2018-11-16 09:00:00+01:00,68.76
2018-11-16 10:00:00+01:00,69.17
2018-11-16 11:00:00+01:00,63.5
2018-11-16 12:00:00+01:00,60.19
2018-11-16 13:00:00+01:00,63.35
2018-11-16 14:00:00+01:00,66.86
2018-11-16 15:00:00+01:00,68.04
2018-11-16 16:00:00+01:00,69.97
2018-11-16 17:00:00+01:00,67.76
2018-11-16 18:00:00+01:00,58.41
2018-11-16 19:00:00+01:00,52.03
2018-11-16 20:00:00+01:00,46.53
2018-11-16 21:00:00+01:00,45.77
2018-11-16 22:00:00+01:00,45.23
2018-11-16 23:00:00+01:00,43.8
2018-11-17 00:00:00+01:00,43.71
2018-11-17 01:00:00+01:00,38.43
2018-11-17 02:00:00+01:00,43.81
2018-11-17 03:00:00+01:00,42.03
2018-11-17 04:00:00+01:00,42.87
2018-11-17 05:00:00+01:00,41.16
2018-11-17 06:00:00+01:00,44.22
2018-11-17 07:00:00+01:00,46.19
2018-11-17 08:00:00+01:00,46.17
2018-11-17 09:00:00+01:00,46.9
2018-11-17 10:00:00+01:00,46.82
2018-11-17 11:00:00+01:00,46.9
2018-11-17 12:00:00+01:00,46.4
2018-11-17 13:00:00+01:00,46.4
2018-11-17 14:00:00+01:00,46.89
2018-11-17 15:00:00+01:00,52.83
2018-11-17 16:00:00+01:00,59.66
2018-11-17 17:00:00+01:00,58.2
2018-11-17 18:00:00+01:00,60.62
2018-11-17 19:00:00+01:00,58.12
2018-11-17 20:00:00+01:00,51.62
2018-11-17 21:00:00+01:00,48.18
2018-11-17 22:00:00+01:00,53.45
2018-11-17 23:00:00+01:00,45.39
2018-11-18 00:00:00+01:00,46.23
2018-11-18 01:00:00+01:00,43.86
2018-11-18 02:00:00+01:00,42.94
2018-11-18 03:00:00+01:00,43.93
2018-11-18 04:00:00+01:00,44.28
2018-11-18 05:00:00+01:00,43.38
2018-11-18 06:00:00+01:00,45.33
2018-11-18 07:00:00+01:00,49.07
2018-11-18 08:00:00+01:00,47.5
2018-11-18 09:00:00+01:00,49.42
2018-11-18 10:00:00+01:00,47.96
2018-11-18 11:00:00+01:00,48.4
2018-11-18 12:00:00+01:00,50.15
2018-11-18 13:00:00+01:00,48.28
2018-11-18 14:00:00+01:00,48.4
2018-11-18 15:00:00+01:00,51.59
2018-11-18 16:00:00+01:00,51.67
2018-11-18 17:00:00+01:00,53.67
2018-11-18 18:00:00+01:00,53.18
2018-11-18 19:00:00+01:00,49.52
2018-11-18 20:00:00+01:00,46.96
2018-11-18 21:00:00+01:00,46.15
2018-11-18 22:00:00+01:00,46.47
2018-11-18 23:00:00+01:00,44.16
2018-11-19 00:00:00+01:00,40.82
2018-11-19 01:00:00+01:00,41.71
2018-11-19 02:00:00+01:00,38.57
2018-11-19 03:00:00+01:00,38.95
2018-11-19 04:00:00+01:00,41.55
2018-11-19 05:00:00+01:00,44.72
2018-11-19 06:00:00+01:00,48.08
2018-11-19 07:00:00+01:00,55.01
2018-11-19 08:00:00+01:00,54.99
2018-11-19 09:00:00+01:00,54.12
2018-11-19 10:00:00+01:00,52.28
2018-11-19 11:00:00+01:00,52.7
2018-11-19 12:00:00+01:00,51.5
2018-11-19 13:00:00+01:00,51.59
2018-11-19 14:00:00+01:00,52.16
2018-11-19 15:00:00+01:00,53.64
2018-11-19 16:00:00+01:00,53.63
2018-11-19 17:00:00+01:00,56.43
2018-11-19 18:00:00+01:00,53.11
2018-11-19 19:00:00+01:00,51.56
2018-11-19 20:00:00+01:00,47.17
2018-11-19 21:00:00+01:00,45.1
2018-11-19 22:00:00+01:00,42.44
2018-11-19 23:00:00+01:00,35.33
2018-11-20 00:00:00+01:00,25.01
2018-11-20 01:00:00+01:00,33.0
2018-11-20 02:00:00+01:00,29.85
2018-11-20 03:00:00+01:00,30.8
2018-11-20 04:00:00+01:00,31.66
2018-11-20 05:00:00+01:00,32.02
2018-11-20 06:00:00+01:00,45.26
2018-11-20 07:00:00+01:00,51.74
2018-11-20 08:00:00+01:00,51.66
2018-11-20 09:00:00+01:00,49.78
2018-11-20 10:00:00+01:00,48.94
2018-11-20 11:00:00+01:00,48.78
2018-11-20 12:00:00+01:00,48.44
2018-11-20 13:00:00+01:00,49.05
2018-11-20 14:00:00+01:00,50.11
2018-11-20 15:00:00+01:00,56.55
2018-11-20 16:00:00+01:00,60.78
2018-11-20 17:00:00+01:00,67.95
2018-11-20 18:00:00+01:00,58.47
2018-11-20 19:00:00+01:00,52.85
2018-11-20 20:00:00+01:00,54.0
2018-11-20 21:00:00+01:00,50.06
2018-11-20 22:00:00+01:00,48.28
2018-11-20 23:00:00+01:00,44.65
2018-11-21 00:00:00+01:00,44.52
2018-11-21 01:00:00+01:00,42.83
2018-11-21 02:00:00+01:00,42.43
2018-11-21 03:00:00+01:00,42.17
2018-11-21 04:00:00+01:00,43.22
2018-11-21 05:00:00+01:00,44.42
2018-11-21 06:00:00+01:00,50.74
2018-11-21 07:00:00+01:00,57.31
2018-11-21 08:00:00+01:00,58.99
2018-11-21 09:00:00+01:00,54.2
2018-11-21 10:00:00+01:00,55.75
2018-11-21 11:00:00+01:00,58.25
2018-11-21 12:00:00+01:00,58.26
2018-11-21 13:00:00+01:00,59.56
2018-11-21 14:00:00+01:00,69.74
2018-11-21 15:00:00+01:00,66.6
2018-11-21 16:00:00+01:00,69.99
2018-11-21 17:00:00+01:00,70.94
2018-11-21 18:00:00+01:00,67.04
2018-11-21 19:00:00+01:00,61.16
2018-11-21 20:00:00+01:00,59.9
2018-11-21 21:00:00+01:00,51.65
2018-11-21 22:00:00+01:00,50.41
2018-11-21 23:00:00+01:00,48.53
2018-11-22 00:00:00+01:00,49.34
2018-11-22 01:00:00+01:00,49.73
2018-11-22 02:00:00+01:00,48.81
2018-11-22 03:00:00+01:00,50.66
2018-11-22 04:00:00+01:00,53.63
2018-11-22 05:00:00+01:00,50.68
2018-11-22 06:00:00+01:00,66.98
2018-11-22 07:00:00+01:00,82.93
2018-11-22 08:00:00+01:00,82.0
2018-11-22 09:00:00+01:00,87.4
2018-11-22 10:00:00+01:00,84.0
2018-11-22 11:00:00+01:00,92.93
2018-11-22 12:00:00+01:00,90.87
2018-11-22 13:00:00+01:00,95.16
2018-11-22 14:00:00+01:00,95.53
2018-11-22 15:00:00+01:00,94.37
2018-11-22 16:00:00+01:00,103.0
2018-11-22 17:00:00+01:00,128.26
2018-11-22 18:00:00+01:00,109.94
2018-11-22 19:00:00+01:00,84.08
2018-11-22 20:00:00+01:00,80.1
2018-11-22 21:00:00+01:00,70.45
2018-11-22 22:00:00+01:00,60.69
2018-11-22 23:00:00+01:00,55.74
2018-11-23 00:00:00+01:00,59.63
2018-11-23 01:00:00+01:00,57.36
2018-11-23 02:00:00+01:00,55.0
2018-11-23 03:00:00+01:00,55.98
2018-11-23 04:00:00+01:00,52.89
2018-11-23 05:00:00+01:00,59.53
2018-11-23 06:00:00+01:00,73.01
2018-11-23 07:00:00+01:00,95.0
2018-11-23 08:00:00+01:00,106.0
2018-11-23 09:00:00+01:00,98.0
2018-11-23 10:00:00+01:00,97.17
2018-11-23 11:00:00+01:00,98.93
2018-11-23 12:00:00+01:00,98.28
2018-11-23 13:00:00+01:00,94.9
2018-11-23 14:00:00+01:00,93.6
2018-11-23 15:00:00+01:00,94.43
2018-11-23 16:00:00+01:00,97.09
2018-11-23 17:00:00+01:00,109.2
2018-11-23 18:00:00+01:00,96.02
2018-11-23 19:00:00+01:00,86.11
2018-11-23 20:00:00+01:00,75.56
2018-11-23 21:00:00+01:00,63.48
2018-11-23 22:00:00+01:00,58.66
2018-11-23 23:00:00+01:00,52.12
2018-11-24 00:00:00+01:00,63.03
2018-11-24 01:00:00+01:00,55.3
2018-11-24 02:00:00+01:00,52.03
2018-11-24 03:00:00+01:00,52.83
2018-11-24 04:00:00+01:00,50.36
2018-11-24 05:00:00+01:00,50.13
2018-11-24 06:00:00+01:00,50.36
2018-11-24 07:00:00+01:00,53.35
2018-11-24 08:00:00+01:00,63.17
2018-11-24 09:00:00+01:00,72.2
2018-11-24 10:00:00+01:00,73.49
2018-11-24 11:00:00+01:00,73.17
2018-11-24 12:00:00+01:00,73.01
2018-11-24 13:00:00+01:00,66.93
2018-11-24 14:00:00+01:00,64.57
2018-11-24 15:00:00+01:00,65.04
2018-11-24 16:00:00+01:00,68.11
2018-11-24 17:00:00+01:00,74.5
2018-11-24 18:00:00+01:00,70.8
2018-11-24 19:00:00+01:00,71.79
2018-11-24 20:00:00+01:00,61.97
2018-11-24 21:00:00+01:00,56.21
2018-11-24 22:00:00+01:00,55.04
2018-11-24 23:00:00+01:00,49.31
2018-11-25 00:00:00+01:00,51.94
2018-11-25 01:00:00+01:00,49.86
2018-11-25 02:00:00+01:00,50.34
2018-11-25 03:00:00+01:00,48.46
2018-11-25 04:00:00+01:00,48.07
2018-11-25 05:00:00+01:00,48.07
2018-11-25 06:00:00+01:00,49.09
2018-11-25 07:00:00+01:00,47.97
2018-11-25 08:00:00+01:00,54.16
2018-11-25 09:00:00+01:00,59.06
2018-11-25 10:00:00+01:00,60.84
2018-11-25 11:00:00+01:00,63.26
2018-11-25 12:00:00+01:00,52.96
2018-11-25 13:00:00+01:00,49.87
2018-11-25 14:00:00+01:00,58.76
2018-11-25 15:00:00+01:00,50.93
2018-11-25 16:00:00+01:00,61.47
2018-11-25 17:00:00+01:00,67.65
2018-11-25 18:00:00+01:00,65.45
2018-11-25 19:00:00+01:00,52.95
2018-11-25 20:00:00+01:00,52.45
2018-11-25 21:00:00+01:00,50.19
2018-11-25 22:00:00+01:00,50.62
2018-11-25 23:00:00+01:00,47.88
2018-11-26 00:00:00+01:00,49.45
2018-11-26 01:00:00+01:00,47.91
2018-11-26 02:00:00+01:00,46.42
2018-11-26 03:00:00+01:00,45.07
2018-11-26 04:00:00+01:00,44.8
2018-11-26 05:00:00+01:00,48.8
2018-11-26 06:00:00+01:00,56.94
2018-11-26 07:00:00+01:00,79.27
2018-11-26 08:00:00+01:00,83.08
2018-11-26 09:00:00+01:00,81.21
2018-11-26 10:00:00+01:00,80.25
2018-11-26 11:00:00+01:00,86.99
2018-11-26 12:00:00+01:00,86.93
2018-11-26 13:00:00+01:00,92.42
2018-11-26 14:00:00+01:00,94.74
2018-11-26 15:00:00+01:00,95.0
2018-11-26 16:00:00+01:00,100.02
2018-11-26 17:00:00+01:00,105.02
2018-11-26 18:00:00+01:00,94.05
2018-11-26 19:00:00+01:00,85.0
2018-11-26 20:00:00+01:00,77.61
2018-11-26 21:00:00+01:00,70.96
2018-11-26 22:00:00+01:00,59.92
2018-11-26 23:00:00+01:00,56.19
2018-11-27 00:00:00+01:00,54.18
2018-11-27 01:00:00+01:00,52.55
2018-11-27 02:00:00+01:00,52.57
2018-11-27 03:00:00+01:00,51.01
2018-11-27 04:00:00+01:00,51.55
2018-11-27 05:00:00+01:00,54.97
2018-11-27 06:00:00+01:00,71.9
2018-11-27 07:00:00+01:00,93.03
2018-11-27 08:00:00+01:00,100.0
2018-11-27 09:00:00+01:00,99.0
2018-11-27 10:00:00+01:00,93.37
2018-11-27 11:00:00+01:00,95.0
2018-11-27 12:00:00+01:00,88.98
2018-11-27 13:00:00+01:00,88.21
2018-11-27 14:00:00+01:00,85.99
2018-11-27 15:00:00+01:00,86.94
2018-11-27 16:00:00+01:00,87.19
2018-11-27 17:00:00+01:00,98.27
2018-11-27 18:00:00+01:00,92.43
2018-11-27 19:00:00+01:00,82.76
2018-11-27 20:00:00+01:00,70.16
2018-11-27 21:00:00+01:00,57.55
2018-11-27 22:00:00+01:00,54.43
2018-11-27 23:00:00+01:00,50.09
2018-11-28 00:00:00+01:00,48.97
2018-11-28 01:00:00+01:00,47.57
2018-11-28 02:00:00+01:00,47.01
2018-11-28 03:00:00+01:00,46.28
2018-11-28 04:00:00+01:00,46.73
2018-11-28 05:00:00+01:00,48.95
2018-11-28 06:00:00+01:00,55.78
2018-11-28 07:00:00+01:00,67.76
2018-11-28 08:00:00+01:00,70.0
2018-11-28 09:00:00+01:00,65.29
2018-11-28 10:00:00+01:00,55.22
2018-11-28 11:00:00+01:00,53.54
2018-11-28 12:00:00+01:00,52.88
2018-11-28 13:00:00+01:00,52.88
2018-11-28 14:00:00+01:00,53.21
2018-11-28 15:00:00+01:00,57.25
2018-11-28 16:00:00+01:00,60.73
2018-11-28 17:00:00+01:00,62.25
2018-11-28 18:00:00+01:00,51.63
2018-11-28 19:00:00+01:00,50.42
2018-11-28 20:00:00+01:00,47.79
2018-11-28 21:00:00+01:00,46.21
2018-11-28 22:00:00+01:00,44.91
2018-11-28 23:00:00+01:00,38.47
2018-11-29 00:00:00+01:00,40.95
2018-11-29 01:00:00+01:00,36.84
2018-11-29 02:00:00+01:00,35.1
2018-11-29 03:00:00+01:00,37.57
2018-11-29 04:00:00+01:00,39.94
2018-11-29 05:00:00+01:00,43.69
2018-11-29 06:00:00+01:00,52.51
2018-11-29 07:00:00+01:00,59.71
2018-11-29 08:00:00+01:00,61.87
2018-11-29 09:00:00+01:00,53.75
2018-11-29 10:00:00+01:00,57.96
2018-11-29 11:00:00+01:00,56.55
2018-11-29 12:00:00+01:00,55.8
2018-11-29 13:00:00+01:00,56.56
2018-11-29 14:00:00+01:00,55.67
2018-11-29 15:00:00+01:00,56.67
2018-11-29 16:00:00+01:00,57.09
2018-11-29 17:00:00+01:00,59.36
2018-11-29 18:00:00+01:00,58.7
2018-11-29 19:00:00+01:00,55.68
2018-11-29 20:00:00+01:00,47.88
2018-11-29 21:00:00+01:00,45.63
2018-11-29 22:00:00+01:00,43.78
2018-11-29 23:00:00+01:00,40.31
2018-11-30 00:00:00+01:00,36.13
2018-11-30 01:00:00+01:00,37.68
2018-11-30 02:00:00+01:00,37.53
2018-11-30 03:00:00+01:00,37.86
2018-11-30 04:00:00+01:00,39.51
2018-11-30 05:00:00+01:00,43.05
2018-11-30 06:00:00+01:00,50.52
2018-11-30 07:00:00+01:00,66.84
2018-11-30 08:00:00+01:00,68.02
2018-11-30 09:00:00+01:00,68.03
2018-11-30 10:00:00+01:00,68.19
2018-11-30 11:00:00+01:00,67.98
2018-11-30 12:00:00+01:00,67.2
2018-11-30 13:00:00+01:00,67.24
2018-11-30 14:00:00+01:00,65.3
2018-11-30 15:00:00+01:00,64.95
2018-11-30 16:00:00+01:00,67.24
2018-11-30 17:00:00+01:00,72.34
2018-11-30 18:00:00+01:00,68.92
2018-11-30 19:00:00+01:00,63.5
2018-11-30 20:00:00+01:00,66.27
2018-11-30 21:00:00+01:00,57.55
2018-11-30 22:00:00+01:00,53.91
2018-11-30 23:00:00+01:00,44.29
2018-12-01 00:00:00+01:00,44.33
2018-12-01 01:00:00+01:00,42.09
2018-12-01 02:00:00+01:00,42.03
2018-12-01 03:00:00+01:00,42.05
2018-12-01 04:00:00+01:00,44.56
2018-12-01 05:00:00+01:00,43.37
2018-12-01 06:00:00+01:00,42.89
2018-12-01 07:00:00+01:00,45.6
2018-12-01 08:00:00+01:00,53.91
2018-12-01 09:00:00+01:00,61.23
2018-12-01 10:00:00+01:00,57.39
2018-12-01 11:00:00+01:00,58.4
2018-12-01 12:00:00+01:00,58.15
2018-12-01 13:00:00+01:00,51.88
2018-12-01 14:00:00+01:00,51.02
2018-12-01 15:00:00+01:00,52.3
2018-12-01 16:00:00+01:00,51.23
2018-12-01 17:00:00+01:00,58.35
2018-12-01 18:00:00+01:00,49.6
2018-12-01 19:00:00+01:00,45.37
2018-12-01 20:00:00+01:00,37.55
2018-12-01 21:00:00+01:00,32.05
2018-12-01 22:00:00+01:00,34.35
2018-12-01 23:00:00+01:00,25.0
2018-12-02 00:00:00+01:00,30.26
2018-12-02 01:00:00+01:00,24.35
2018-12-02 02:00:00+01:00,22.58
2018-12-02 03:00:00+01:00,21.22
2018-12-02 04:00:00+01:00,20.82
2018-12-02 05:00:00+01:00,19.65
2018-12-02 06:00:00+01:00,17.07
2018-12-02 07:00:00+01:00,20.86
2018-12-02 08:00:00+01:00,24.38
2018-12-02 09:00:00+01:00,30.76
2018-12-02 10:00:00+01:00,36.96
2018-12-02 11:00:00+01:00,39.11
2018-12-02 12:00:00+01:00,39.16
2018-12-02 13:00:00+01:00,36.27
2018-12-02 14:00:00+01:00,31.76
2018-12-02 15:00:00+01:00,30.54
2018-12-02 16:00:00+01:00,30.31
2018-12-02 17:00:00+01:00,38.37
2018-12-02 18:00:00+01:00,38.39
2018-12-02 19:00:00+01:00,36.28
2018-12-02 20:00:00+01:00,36.86
2018-12-02 21:00:00+01:00,33.41
2018-12-02 22:00:00+01:00,37.04
2018-12-02 23:00:00+01:00,28.37
2018-12-03 00:00:00+01:00,21.56
2018-12-03 01:00:00+01:00,21.25
2018-12-03 02:00:00+01:00,21.56
2018-12-03 03:00:00+01:00,21.2
2018-12-03 04:00:00+01:00,20.64
2018-12-03 05:00:00+01:00,25.96
2018-12-03 06:00:00+01:00,47.66
2018-12-03 07:00:00+01:00,53.67
2018-12-03 08:00:00+01:00,53.69
2018-12-03 09:00:00+01:00,51.23
2018-12-03 10:00:00+01:00,49.58
2018-12-03 11:00:00+01:00,49.3
2018-12-03 12:00:00+01:00,49.2
2018-12-03 13:00:00+01:00,49.33
2018-12-03 14:00:00+01:00,49.69
2018-12-03 15:00:00+01:00,55.58
2018-12-03 16:00:00+01:00,52.17
2018-12-03 17:00:00+01:00,60.04
2018-12-03 18:00:00+01:00,64.89
2018-12-03 19:00:00+01:00,61.6
2018-12-03 20:00:00+01:00,55.46
2018-12-03 21:00:00+01:00,47.56
2018-12-03 22:00:00+01:00,46.03
2018-12-03 23:00:00+01:00,41.95
2018-12-04 00:00:00+01:00,36.22
2018-12-04 01:00:00+01:00,31.54
2018-12-04 02:00:00+01:00,31.06
2018-12-04 03:00:00+01:00,27.97
2018-12-04 04:00:00+01:00,31.88
2018-12-04 05:00:00+01:00,39.87
2018-12-04 06:00:00+01:00,47.76
2018-12-04 07:00:00+01:00,49.4
2018-12-04 08:00:00+01:00,54.99
2018-12-04 09:00:00+01:00,49.84
2018-12-04 10:00:00+01:00,48.81
2018-12-04 11:00:00+01:00,47.03
2018-12-04 12:00:00+01:00,46.61
2018-12-04 13:00:00+01:00,47.18
2018-12-04 14:00:00+01:00,50.97
2018-12-04 15:00:00+01:00,61.79
2018-12-04 16:00:00+01:00,65.23
2018-12-04 17:00:00+01:00,70.84
2018-12-04 18:00:00+01:00,72.43
2018-12-04 19:00:00+01:00,70.36
2018-12-04 20:00:00+01:00,68.14
2018-12-04 21:00:00+01:00,60.9
2018-12-04 22:00:00+01:00,53.87
2018-12-04 23:00:00+01:00,50.88
2018-12-05 00:00:00+01:00,48.7
2018-12-05 01:00:00+01:00,46.95
2018-12-05 02:00:00+01:00,47.1
2018-12-05 03:00:00+01:00,46.33
2018-12-05 04:00:00+01:00,47.08
2018-12-05 05:00:00+01:00,47.08
2018-12-05 06:00:00+01:00,57.08
2018-12-05 07:00:00+01:00,67.03
2018-12-05 08:00:00+01:00,69.94
2018-12-05 09:00:00+01:00,68.17
2018-12-05 10:00:00+01:00,68.66
2018-12-05 11:00:00+01:00,68.79
2018-12-05 12:00:00+01:00,67.06
2018-12-05 13:00:00+01:00,67.78
2018-12-05 14:00:00+01:00,68.7
2018-12-05 15:00:00+01:00,68.77
2018-12-05 16:00:00+01:00,67.54
2018-12-05 17:00:00+01:00,69.45
2018-12-05 18:00:00+01:00,68.09
2018-12-05 19:00:00+01:00,63.03
2018-12-05 20:00:00+01:00,53.41
2018-12-05 21:00:00+01:00,49.21
2018-12-05 22:00:00+01:00,48.57
2018-12-05 23:00:00+01:00,46.54
2018-12-06 00:00:00+01:00,41.01
2018-12-06 01:00:00+01:00,42.26
2018-12-06 02:00:00+01:00,41.74
2018-12-06 03:00:00+01:00,41.98
2018-12-06 04:00:00+01:00,42.07
2018-12-06 05:00:00+01:00,47.7
2018-12-06 06:00:00+01:00,54.04
2018-12-06 07:00:00+01:00,64.04
2018-12-06 08:00:00+01:00,67.17
2018-12-06 09:00:00+01:00,66.95
2018-12-06 10:00:00+01:00,67.29
2018-12-06 11:00:00+01:00,67.07
2018-12-06 12:00:00+01:00,66.11
2018-12-06 13:00:00+01:00,65.23
2018-12-06 14:00:00+01:00,64.23
2018-12-06 15:00:00+01:00,60.85
2018-12-06 16:00:00+01:00,61.99
2018-12-06 17:00:00+01:00,58.55
2018-12-06 18:00:00+01:00,55.84
2018-12-06 19:00:00+01:00,53.18
2018-12-06 20:00:00+01:00,51.06
2018-12-06 21:00:00+01:00,49.08
2018-12-06 22:00:00+01:00,46.62
2018-12-06 23:00:00+01:00,37.87
2018-12-07 00:00:00+01:00,35.83
2018-12-07 01:00:00+01:00,32.17
2018-12-07 02:00:00+01:00,29.88
2018-12-07 03:00:00+01:00,28.59
2018-12-07 04:00:00+01:00,26.43
2018-12-07 05:00:00+01:00,33.44
2018-12-07 06:00:00+01:00,48.57
2018-12-07 07:00:00+01:00,61.13
2018-12-07 08:00:00+01:00,59.95
2018-12-07 09:00:00+01:00,54.5
2018-12-07 10:00:00+01:00,53.23
2018-12-07 11:00:00+01:00,52.8
2018-12-07 12:00:00+01:00,51.69
2018-12-07 13:00:00+01:00,49.79
2018-12-07 14:00:00+01:00,48.04
2018-12-07 15:00:00+01:00,46.03
2018-12-07 16:00:00+01:00,48.06
2018-12-07 17:00:00+01:00,49.0
2018-12-07 18:00:00+01:00,48.53
2018-12-07 19:00:00+01:00,47.22
2018-12-07 20:00:00+01:00,40.49
2018-12-07 21:00:00+01:00,32.47
2018-12-07 22:00:00+01:00,27.18
2018-12-07 23:00:00+01:00,16.85
2018-12-08 00:00:00+01:00,10.56
2018-12-08 01:00:00+01:00,6.53
2018-12-08 02:00:00+01:00,1.34
2018-12-08 03:00:00+01:00,-0.08
2018-12-08 04:00:00+01:00,0.06
2018-12-08 05:00:00+01:00,0.09
2018-12-08 06:00:00+01:00,1.71
2018-12-08 07:00:00+01:00,15.74
2018-12-08 08:00:00+01:00,15.88
2018-12-08 09:00:00+01:00,12.39
2018-12-08 10:00:00+01:00,6.91
2018-12-08 11:00:00+01:00,10.45
2018-12-08 12:00:00+01:00,19.03
2018-12-08 13:00:00+01:00,19.6
2018-12-08 14:00:00+01:00,20.25
2018-12-08 15:00:00+01:00,20.97
2018-12-08 16:00:00+01:00,20.94
2018-12-08 17:00:00+01:00,20.81
2018-12-08 18:00:00+01:00,25.46
2018-12-08 19:00:00+01:00,21.05
2018-12-08 20:00:00+01:00,15.84
2018-12-08 21:00:00+01:00,0.05
2018-12-08 22:00:00+01:00,10.69
2018-12-08 23:00:00+01:00,8.5
2018-12-09 00:00:00+01:00,-0.78
2018-12-09 01:00:00+01:00,-1.72
2018-12-09 02:00:00+01:00,-8.48
2018-12-09 03:00:00+01:00,-5.08
2018-12-09 04:00:00+01:00,-9.0
2018-12-09 05:00:00+01:00,-6.21
2018-12-09 06:00:00+01:00,-16.62
2018-12-09 07:00:00+01:00,-10.93
2018-12-09 08:00:00+01:00,-4.74
2018-12-09 09:00:00+01:00,8.33
2018-12-09 10:00:00+01:00,20.51
2018-12-09 11:00:00+01:00,25.62
2018-12-09 12:00:00+01:00,25.21
2018-12-09 13:00:00+01:00,20.52
2018-12-09 14:00:00+01:00,19.39
2018-12-09 15:00:00+01:00,19.33
2018-12-09 16:00:00+01:00,17.79
2018-12-09 17:00:00+01:00,21.39
2018-12-09 18:00:00+01:00,30.93
2018-12-09 19:00:00+01:00,19.44
2018-12-09 20:00:00+01:00,11.69
2018-12-09 21:00:00+01:00,3.74
2018-12-09 22:00:00+01:00,19.49
2018-12-09 23:00:00+01:00,14.19
2018-12-10 00:00:00+01:00,4.96
2018-12-10 01:00:00+01:00,2.19
2018-12-10 02:00:00+01:00,0.12
2018-12-10 03:00:00+01:00,0.91
2018-12-10 04:00:00+01:00,0.06
2018-12-10 05:00:00+01:00,21.17
2018-12-10 06:00:00+01:00,44.51
2018-12-10 07:00:00+01:00,55.97
2018-12-10 08:00:00+01:00,51.18
2018-12-10 09:00:00+01:00,52.48
2018-12-10 10:00:00+01:00,48.89
2018-12-10 11:00:00+01:00,39.49
2018-12-10 12:00:00+01:00,38.09
2018-12-10 13:00:00+01:00,43.21
2018-12-10 14:00:00+01:00,47.94
2018-12-10 15:00:00+01:00,51.3
2018-12-10 16:00:00+01:00,50.59
2018-12-10 17:00:00+01:00,50.68
2018-12-10 18:00:00+01:00,49.14
2018-12-10 19:00:00+01:00,49.39
2018-12-10 20:00:00+01:00,47.73
2018-12-10 21:00:00+01:00,39.63
2018-12-10 22:00:00+01:00,39.59
2018-12-10 23:00:00+01:00,38.65
2018-12-11 00:00:00+01:00,35.64
2018-12-11 01:00:00+01:00,31.87
2018-12-11 02:00:00+01:00,35.26
2018-12-11 03:00:00+01:00,35.03
2018-12-11 04:00:00+01:00,33.49
2018-12-11 05:00:00+01:00,33.02
2018-12-11 06:00:00+01:00,44.63
2018-12-11 07:00:00+01:00,52.66
2018-12-11 08:00:00+01:00,57.62
2018-12-11 09:00:00+01:00,54.06
2018-12-11 10:00:00+01:00,53.55
2018-12-11 11:00:00+01:00,59.75
2018-12-11 12:00:00+01:00,62.73
2018-12-11 13:00:00+01:00,65.06
2018-12-11 14:00:00+01:00,65.91
2018-12-11 15:00:00+01:00,67.65
2018-12-11 16:00:00+01:00,69.93
2018-12-11 17:00:00+01:00,81.36
2018-12-11 18:00:00+01:00,75.93
2018-12-11 19:00:00+01:00,70.74
2018-12-11 20:00:00+01:00,68.04
2018-12-11 21:00:00+01:00,64.07
2018-12-11 22:00:00+01:00,58.48
2018-12-11 23:00:00+01:00,52.4
2018-12-12 00:00:00+01:00,50.02
2018-12-12 01:00:00+01:00,48.7
2018-12-12 02:00:00+01:00,49.01
2018-12-12 03:00:00+01:00,48.28
2018-12-12 04:00:00+01:00,48.69
2018-12-12 05:00:00+01:00,52.29
2018-12-12 06:00:00+01:00,66.47
2018-12-12 07:00:00+01:00,85.05
2018-12-12 08:00:00+01:00,90.12
2018-12-12 09:00:00+01:00,89.68
2018-12-12 10:00:00+01:00,86.88
2018-12-12 11:00:00+01:00,81.06
2018-12-12 12:00:00+01:00,75.95
2018-12-12 13:00:00+01:00,76.41
2018-12-12 14:00:00+01:00,79.41
2018-12-12 15:00:00+01:00,82.24
2018-12-12 16:00:00+01:00,82.18
2018-12-12 17:00:00+01:00,89.86
2018-12-12 18:00:00+01:00,83.45
2018-12-12 19:00:00+01:00,77.27
2018-12-12 20:00:00+01:00,69.99
2018-12-12 21:00:00+01:00,61.9
2018-12-12 22:00:00+01:00,52.6
2018-12-12 23:00:00+01:00,50.43
2018-12-13 00:00:00+01:00,52.89
2018-12-13 01:00:00+01:00,50.56
2018-12-13 02:00:00+01:00,49.75
2018-12-13 03:00:00+01:00,49.04
2018-12-13 04:00:00+01:00,48.24
2018-12-13 05:00:00+01:00,50.91
2018-12-13 06:00:00+01:00,61.5
2018-12-13 07:00:00+01:00,75.96
2018-12-13 08:00:00+01:00,76.49
2018-12-13 09:00:00+01:00,75.9
2018-12-13 10:00:00+01:00,75.37
2018-12-13 11:00:00+01:00,74.0
2018-12-13 12:00:00+01:00,72.98
2018-12-13 13:00:00+01:00,72.98
2018-12-13 14:00:00+01:00,74.4
2018-12-13 15:00:00+01:00,78.77
2018-12-13 16:00:00+01:00,81.33
2018-12-13 17:00:00+01:00,88.71
2018-12-13 18:00:00+01:00,77.24
2018-12-13 19:00:00+01:00,77.5
2018-12-13 20:00:00+01:00,60.78
2018-12-13 21:00:00+01:00,54.29
2018-12-13 22:00:00+01:00,58.32
2018-12-13 23:00:00+01:00,51.92
2018-12-14 00:00:00+01:00,49.69
2018-12-14 01:00:00+01:00,48.83
2018-12-14 02:00:00+01:00,48.39
2018-12-14 03:00:00+01:00,48.94
2018-12-14 04:00:00+01:00,49.69
2018-12-14 05:00:00+01:00,54.13
2018-12-14 06:00:00+01:00,64.98
2018-12-14 07:00:00+01:00,77.75
2018-12-14 08:00:00+01:00,90.08
2018-12-14 09:00:00+01:00,88.93
2018-12-14 10:00:00+01:00,83.9
2018-12-14 11:00:00+01:00,84.33
2018-12-14 12:00:00+01:00,83.3
2018-12-14 13:00:00+01:00,81.81
2018-12-14 14:00:00+01:00,83.3
2018-12-14 15:00:00+01:00,83.04
2018-12-14 16:00:00+01:00,84.84
2018-12-14 17:00:00+01:00,97.29
2018-12-14 18:00:00+01:00,83.35
2018-12-14 19:00:00+01:00,75.65
2018-12-14 20:00:00+01:00,72.51
2018-12-14 21:00:00+01:00,60.79
2018-12-14 22:00:00+01:00,59.42
2018-12-14 23:00:00+01:00,52.88
2018-12-15 00:00:00+01:00,58.07
2018-12-15 01:00:00+01:00,52.83
2018-12-15 02:00:00+01:00,52.12
2018-12-15 03:00:00+01:00,52.74
2018-12-15 04:00:00+01:00,51.25
2018-12-15 05:00:00+01:00,50.78
2018-12-15 06:00:00+01:00,51.07
2018-12-15 07:00:00+01:00,52.21
2018-12-15 08:00:00+01:00,54.76
2018-12-15 09:00:00+01:00,68.4
2018-12-15 10:00:00+01:00,66.98
2018-12-15 11:00:00+01:00,68.93
2018-12-15 12:00:00+01:00,64.95
2018-12-15 13:00:00+01:00,58.71
2018-12-15 14:00:00+01:00,55.35
2018-12-15 15:00:00+01:00,53.89
2018-12-15 16:00:00+01:00,53.66
2018-12-15 17:00:00+01:00,60.32
2018-12-15 18:00:00+01:00,52.87
2018-12-15 19:00:00+01:00,48.29
2018-12-15 20:00:00+01:00,50.3
2018-12-15 21:00:00+01:00,46.92
2018-12-15 22:00:00+01:00,43.64
2018-12-15 23:00:00+01:00,36.72
2018-12-16 00:00:00+01:00,36.96
2018-12-16 01:00:00+01:00,38.81
2018-12-16 02:00:00+01:00,38.1
2018-12-16 03:00:00+01:00,38.58
2018-12-16 04:00:00+01:00,38.23
2018-12-16 05:00:00+01:00,38.42
2018-12-16 06:00:00+01:00,38.41
2018-12-16 07:00:00+01:00,37.08
2018-12-16 08:00:00+01:00,42.76
2018-12-16 09:00:00+01:00,47.42
2018-12-16 10:00:00+01:00,47.59
2018-12-16 11:00:00+01:00,50.55
2018-12-16 12:00:00+01:00,55.87
2018-12-16 13:00:00+01:00,54.24
2018-12-16 14:00:00+01:00,52.25
2018-12-16 15:00:00+01:00,53.58
2018-12-16 16:00:00+01:00,58.45
2018-12-16 17:00:00+01:00,67.01
2018-12-16 18:00:00+01:00,71.1
2018-12-16 19:00:00+01:00,64.95
2018-12-16 20:00:00+01:00,61.61
2018-12-16 21:00:00+01:00,60.6
2018-12-16 22:00:00+01:00,50.63
2018-12-16 23:00:00+01:00,49.82
2018-12-17 00:00:00+01:00,52.08
2018-12-17 01:00:00+01:00,50.08
2018-12-17 02:00:00+01:00,49.92
2018-12-17 03:00:00+01:00,49.05
2018-12-17 04:00:00+01:00,49.47
2018-12-17 05:00:00+01:00,52.03
2018-12-17 06:00:00+01:00,65.15
2018-12-17 07:00:00+01:00,78.1
2018-12-17 08:00:00+01:00,83.7
2018-12-17 09:00:00+01:00,83.76
2018-12-17 10:00:00+01:00,82.0
2018-12-17 11:00:00+01:00,80.96
2018-12-17 12:00:00+01:00,79.02
2018-12-17 13:00:00+01:00,79.01
2018-12-17 14:00:00+01:00,79.03
2018-12-17 15:00:00+01:00,78.98
2018-12-17 16:00:00+01:00,79.05
2018-12-17 17:00:00+01:00,80.9
2018-12-17 18:00:00+01:00,81.38
2018-12-17 19:00:00+01:00,79.0
2018-12-17 20:00:00+01:00,75.04
2018-12-17 21:00:00+01:00,66.6
2018-12-17 22:00:00+01:00,58.12
2018-12-17 23:00:00+01:00,52.95
2018-12-18 00:00:00+01:00,51.16
2018-12-18 01:00:00+01:00,51.02
2018-12-18 02:00:00+01:00,49.83
2018-12-18 03:00:00+01:00,48.93
2018-12-18 04:00:00+01:00,49.0
2018-12-18 05:00:00+01:00,51.03
2018-12-18 06:00:00+01:00,58.81
2018-12-18 07:00:00+01:00,71.23
2018-12-18 08:00:00+01:00,74.63
2018-12-18 09:00:00+01:00,72.04
2018-12-18 10:00:00+01:00,69.68
2018-12-18 11:00:00+01:00,68.57
2018-12-18 12:00:00+01:00,66.12
2018-12-18 13:00:00+01:00,66.43
2018-12-18 14:00:00+01:00,66.87
2018-12-18 15:00:00+01:00,66.15
2018-12-18 16:00:00+01:00,65.9
2018-12-18 17:00:00+01:00,67.14
2018-12-18 18:00:00+01:00,61.05
2018-12-18 19:00:00+01:00,55.07
2018-12-18 20:00:00+01:00,53.53
2018-12-18 21:00:00+01:00,50.26
2018-12-18 22:00:00+01:00,48.42
2018-12-18 23:00:00+01:00,43.81
2018-12-19 00:00:00+01:00,40.02
2018-12-19 01:00:00+01:00,37.97
2018-12-19 02:00:00+01:00,37.03
2018-12-19 03:00:00+01:00,35.14
2018-12-19 04:00:00+01:00,39.91
2018-12-19 05:00:00+01:00,42.41
2018-12-19 06:00:00+01:00,47.3
2018-12-19 07:00:00+01:00,52.45
2018-12-19 08:00:00+01:00,56.37
2018-12-19 09:00:00+01:00,57.97
2018-12-19 10:00:00+01:00,58.35
2018-12-19 11:00:00+01:00,69.7
2018-12-19 12:00:00+01:00,69.19
2018-12-19 13:00:00+01:00,69.89
2018-12-19 14:00:00+01:00,69.76
2018-12-19 15:00:00+01:00,69.03
2018-12-19 16:00:00+01:00,69.35
2018-12-19 17:00:00+01:00,69.63
2018-12-19 18:00:00+01:00,69.8
2018-12-19 19:00:00+01:00,69.08
2018-12-19 20:00:00+01:00,66.96
2018-12-19 21:00:00+01:00,55.58
2018-12-19 22:00:00+01:00,51.63
2018-12-19 23:00:00+01:00,50.08
2018-12-20 00:00:00+01:00,47.62
2018-12-20 01:00:00+01:00,48.18
2018-12-20 02:00:00+01:00,48.35
2018-12-20 03:00:00+01:00,47.5
2018-12-20 04:00:00+01:00,47.72
2018-12-20 05:00:00+01:00,47.19
2018-12-20 06:00:00+01:00,54.37
2018-12-20 07:00:00+01:00,66.29
2018-12-20 08:00:00+01:00,68.49
2018-12-20 09:00:00+01:00,68.4
2018-12-20 10:00:00+01:00,66.6
2018-12-20 11:00:00+01:00,66.53
2018-12-20 12:00:00+01:00,64.8
2018-12-20 13:00:00+01:00,64.79
2018-12-20 14:00:00+01:00,64.07
2018-12-20 15:00:00+01:00,64.33
2018-12-20 16:00:00+01:00,60.78
2018-12-20 17:00:00+01:00,57.97
2018-12-20 18:00:00+01:00,57.73
2018-12-20 19:00:00+01:00,55.75
2018-12-20 20:00:00+01:00,49.6
2018-12-20 21:00:00+01:00,47.79
2018-12-20 22:00:00+01:00,49.83
2018-12-20 23:00:00+01:00,45.85
2018-12-21 00:00:00+01:00,45.76
2018-12-21 01:00:00+01:00,45.03
2018-12-21 02:00:00+01:00,42.9
2018-12-21 03:00:00+01:00,38.03
2018-12-21 04:00:00+01:00,39.98
2018-12-21 05:00:00+01:00,42.8
2018-12-21 06:00:00+01:00,47.55
2018-12-21 07:00:00+01:00,62.77
2018-12-21 08:00:00+01:00,62.81
2018-12-21 09:00:00+01:00,56.91
2018-12-21 10:00:00+01:00,58.12
2018-12-21 11:00:00+01:00,59.31
2018-12-21 12:00:00+01:00,61.93
2018-12-21 13:00:00+01:00,56.34
2018-12-21 14:00:00+01:00,54.34
2018-12-21 15:00:00+01:00,52.8
2018-12-21 16:00:00+01:00,53.19
2018-12-21 17:00:00+01:00,54.42
2018-12-21 18:00:00+01:00,53.13
2018-12-21 19:00:00+01:00,49.71
2018-12-21 20:00:00+01:00,45.33
2018-12-21 21:00:00+01:00,40.03
2018-12-21 22:00:00+01:00,37.73
2018-12-21 23:00:00+01:00,30.06
2018-12-22 00:00:00+01:00,-5.36
2018-12-22 01:00:00+01:00,3.57
2018-12-22 02:00:00+01:00,-0.06
2018-12-22 03:00:00+01:00,-0.1
2018-12-22 04:00:00+01:00,-0.77
2018-12-22 05:00:00+01:00,9.32
2018-12-22 06:00:00+01:00,16.58
2018-12-22 07:00:00+01:00,34.56
2018-12-22 08:00:00+01:00,45.36
2018-12-22 09:00:00+01:00,47.92
2018-12-22 10:00:00+01:00,48.44
2018-12-22 11:00:00+01:00,53.08
2018-12-22 12:00:00+01:00,51.92
2018-12-22 13:00:00+01:00,52.61
2018-12-22 14:00:00+01:00,51.97
2018-12-22 15:00:00+01:00,53.78
2018-12-22 16:00:00+01:00,55.04
2018-12-22 17:00:00+01:00,56.52
2018-12-22 18:00:00+01:00,57.07
2018-12-22 19:00:00+01:00,58.4
2018-12-22 20:00:00+01:00,51.92
2018-12-22 21:00:00+01:00,50.11
2018-12-22 22:00:00+01:00,47.08
2018-12-22 23:00:00+01:00,39.94
2018-12-23 00:00:00+01:00,43.33
2018-12-23 01:00:00+01:00,32.1
2018-12-23 02:00:00+01:00,28.34
2018-12-23 03:00:00+01:00,24.72
2018-12-23 04:00:00+01:00,23.0
2018-12-23 05:00:00+01:00,14.81
2018-12-23 06:00:00+01:00,12.03
2018-12-23 07:00:00+01:00,24.01
2018-12-23 08:00:00+01:00,29.9
2018-12-23 09:00:00+01:00,39.16
2018-12-23 10:00:00+01:00,40.38
2018-12-23 11:00:00+01:00,46.14
2018-12-23 12:00:00+01:00,49.59
2018-12-23 13:00:00+01:00,48.0
2018-12-23 14:00:00+01:00,46.39
2018-12-23 15:00:00+01:00,51.6
2018-12-23 16:00:00+01:00,55.99
2018-12-23 17:00:00+01:00,63.36
2018-12-23 18:00:00+01:00,64.8
2018-12-23 19:00:00+01:00,64.72
2018-12-23 20:00:00+01:00,60.92
2018-12-23 21:00:00+01:00,53.99
2018-12-23 22:00:00+01:00,54.42
2018-12-23 23:00:00+01:00,52.32
2018-12-24 00:00:00+01:00,43.01
2018-12-24 01:00:00+01:00,39.93
2018-12-24 02:00:00+01:00,36.85
2018-12-24 03:00:00+01:00,33.17
2018-12-24 04:00:00+01:00,34.37
2018-12-24 05:00:00+01:00,38.04
2018-12-24 06:00:00+01:00,39.99
2018-12-24 07:00:00+01:00,49.09
2018-12-24 08:00:00+01:00,52.9
2018-12-24 09:00:00+01:00,53.39
2018-12-24 10:00:00+01:00,53.1
2018-12-24 11:00:00+01:00,52.88
2018-12-24 12:00:00+01:00,52.97
2018-12-24 13:00:00+01:00,52.46
2018-12-24 14:00:00+01:00,52.44
2018-12-24 15:00:00+01:00,52.9
2018-12-24 16:00:00+01:00,53.24
2018-12-24 17:00:00+01:00,52.61
2018-12-24 18:00:00+01:00,51.31
2018-12-24 19:00:00+01:00,50.74
2018-12-24 20:00:00+01:00,49.76
2018-12-24 21:00:00+01:00,48.53
2018-12-24 22:00:00+01:00,48.38
2018-12-24 23:00:00+01:00,31.88
2018-12-25 00:00:00+01:00,23.79
2018-12-25 01:00:00+01:00,0.09
2018-12-25 02:00:00+01:00,-0.04
2018-12-25 03:00:00+01:00,7.94
2018-12-25 04:00:00+01:00,12.48
2018-12-25 05:00:00+01:00,0.72
2018-12-25 06:00:00+01:00,-7.3
2018-12-25 07:00:00+01:00,-5.68
2018-12-25 08:00:00+01:00,20.34
2018-12-25 09:00:00+01:00,24.85
2018-12-25 10:00:00+01:00,14.93
2018-12-25 11:00:00+01:00,24.68
2018-12-25 12:00:00+01:00,26.49
2018-12-25 13:00:00+01:00,5.81
2018-12-25 14:00:00+01:00,3.91
2018-12-25 15:00:00+01:00,17.99
2018-12-25 16:00:00+01:00,25.4
2018-12-25 17:00:00+01:00,29.49
2018-12-25 18:00:00+01:00,41.79
2018-12-25 19:00:00+01:00,42.4
2018-12-25 20:00:00+01:00,42.53
2018-12-25 21:00:00+01:00,36.23
2018-12-25 22:00:00+01:00,39.94
2018-12-25 23:00:00+01:00,27.4
2018-12-26 00:00:00+01:00,25.04
2018-12-26 01:00:00+01:00,24.57
2018-12-26 02:00:00+01:00,21.71
2018-12-26 03:00:00+01:00,23.68
2018-12-26 04:00:00+01:00,20.99
2018-12-26 05:00:00+01:00,28.51
2018-12-26 06:00:00+01:00,28.99
2018-12-26 07:00:00+01:00,46.48
2018-12-26 08:00:00+01:00,49.35
2018-12-26 09:00:00+01:00,51.1
2018-12-26 10:00:00+01:00,53.14
2018-12-26 11:00:00+01:00,54.88
2018-12-26 12:00:00+01:00,54.25
2018-12-26 13:00:00+01:00,51.81
2018-12-26 14:00:00+01:00,51.33
2018-12-26 15:00:00+01:00,51.92
2018-12-26 16:00:00+01:00,58.13
2018-12-26 17:00:00+01:00,66.59
2018-12-26 18:00:00+01:00,68.42
2018-12-26 19:00:00+01:00,69.8
2018-12-26 20:00:00+01:00,62.3
2018-12-26 21:00:00+01:00,59.93
2018-12-26 22:00:00+01:00,62.34
2018-12-26 23:00:00+01:00,52.4
2018-12-27 00:00:00+01:00,47.41
2018-12-27 01:00:00+01:00,47.1
2018-12-27 02:00:00+01:00,46.74
2018-12-27 03:00:00+01:00,45.03
2018-12-27 04:00:00+01:00,46.02
2018-12-27 05:00:00+01:00,49.18
2018-12-27 06:00:00+01:00,51.03
2018-12-27 07:00:00+01:00,58.89
2018-12-27 08:00:00+01:00,64.96
2018-12-27 09:00:00+01:00,64.61
2018-12-27 10:00:00+01:00,59.01
2018-12-27 11:00:00+01:00,58.45
2018-12-27 12:00:00+01:00,66.14
2018-12-27 13:00:00+01:00,65.0
2018-12-27 14:00:00+01:00,65.51
2018-12-27 15:00:00+01:00,68.11
2018-12-27 16:00:00+01:00,69.22
2018-12-27 17:00:00+01:00,70.74
2018-12-27 18:00:00+01:00,71.97
2018-12-27 19:00:00+01:00,71.25
2018-12-27 20:00:00+01:00,70.0
2018-12-27 21:00:00+01:00,62.56
2018-12-27 22:00:00+01:00,64.62
2018-12-27 23:00:00+01:00,56.81
2018-12-28 00:00:00+01:00,50.04
2018-12-28 01:00:00+01:00,50.0
2018-12-28 02:00:00+01:00,49.19
2018-12-28 03:00:00+01:00,48.51
2018-12-28 04:00:00+01:00,48.07
2018-12-28 05:00:00+01:00,49.82
2018-12-28 06:00:00+01:00,52.03
2018-12-28 07:00:00+01:00,62.63
2018-12-28 08:00:00+01:00,65.77
2018-12-28 09:00:00+01:00,67.1
2018-12-28 10:00:00+01:00,66.27
2018-12-28 11:00:00+01:00,66.36
2018-12-28 12:00:00+01:00,63.42
2018-12-28 13:00:00+01:00,63.92
2018-12-28 14:00:00+01:00,64.64
2018-12-28 15:00:00+01:00,63.35
2018-12-28 16:00:00+01:00,66.01
2018-12-28 17:00:00+01:00,67.98
2018-12-28 18:00:00+01:00,70.16
2018-12-28 19:00:00+01:00,68.93
2018-12-28 20:00:00+01:00,66.0
2018-12-28 21:00:00+01:00,59.91
2018-12-28 22:00:00+01:00,54.0
2018-12-28 23:00:00+01:00,51.01
2018-12-29 00:00:00+01:00,56.69
2018-12-29 01:00:00+01:00,49.87
2018-12-29 02:00:00+01:00,48.9
2018-12-29 03:00:00+01:00,47.15
2018-12-29 04:00:00+01:00,46.79
2018-12-29 05:00:00+01:00,47.21
2018-12-29 06:00:00+01:00,48.01
2018-12-29 07:00:00+01:00,50.02
2018-12-29 08:00:00+01:00,52.26
2018-12-29 09:00:00+01:00,60.41
2018-12-29 10:00:00+01:00,62.01
2018-12-29 11:00:00+01:00,60.09
2018-12-29 12:00:00+01:00,58.97
2018-12-29 13:00:00+01:00,54.91
2018-12-29 14:00:00+01:00,51.14
2018-12-29 15:00:00+01:00,50.79
2018-12-29 16:00:00+01:00,51.28
2018-12-29 17:00:00+01:00,52.89
2018-12-29 18:00:00+01:00,52.0
2018-12-29 19:00:00+01:00,48.35
2018-12-29 20:00:00+01:00,39.76
2018-12-29 21:00:00+01:00,25.45
2018-12-29 22:00:00+01:00,24.84
2018-12-29 23:00:00+01:00,-3.71
2018-12-30 00:00:00+01:00,13.75
2018-12-30 01:00:00+01:00,0.02
2018-12-30 02:00:00+01:00,5.88
2018-12-30 03:00:00+01:00,2.09
2018-12-30 04:00:00+01:00,1.36
2018-12-30 05:00:00+01:00,-9.9
2018-12-30 06:00:00+01:00,-16.77
2018-12-30 07:00:00+01:00,-19.43
2018-12-30 08:00:00+01:00,30.94
2018-12-30 09:00:00+01:00,42.1
2018-12-30 10:00:00+01:00,49.54
2018-12-30 11:00:00+01:00,51.16
2018-12-30 12:00:00+01:00,51.16
2018-12-30 13:00:00+01:00,49.64
2018-12-30 14:00:00+01:00,46.19
2018-12-30 15:00:00+01:00,47.64
2018-12-30 16:00:00+01:00,48.33
2018-12-30 17:00:00+01:00,58.4
2018-12-30 18:00:00+01:00,62.43
2018-12-30 19:00:00+01:00,62.94
2018-12-30 20:00:00+01:00,62.42
2018-12-30 21:00:00+01:00,54.28
2018-12-30 22:00:00+01:00,55.63
2018-12-30 23:00:00+01:00,55.0
